251;Genérico Deluxe 845;Genérico de alta calidad. Ideal para el hogar o negocio.;84976.0;784;16;O607;73;NULL
252;Turrón Ligero 401;Turrón de alta calidad. Ideal para el hogar o negocio.;26520.0;759;1;N982;NULL;6
253;Genérico Eco 305;Genérico de alta calidad. Ideal para el hogar o negocio.;38049.0;800;17;K592;63;NULL
254;Genérico Fresco 768;Genérico de alta calidad. Ideal para el hogar o negocio.;78563.0;302;6;W054;NULL;9
255;Genérico Ligero 432;Genérico de alta calidad. Ideal para el hogar o negocio.;35873.0;943;9;D400;NULL;6
256;Genérico Fresco 16;Genérico de alta calidad. Ideal para el hogar o negocio.;78252.0;700;13;V911;244;NULL
257;Genérico Premium 356;Genérico de alta calidad. Ideal para el hogar o negocio.;25624.0;500;11;L976;NULL;7
258;Genérico Deluxe 394;Genérico de alta calidad. Ideal para el hogar o negocio.;78322.0;301;6;I617;NULL;10
259;Jabón Deluxe 424;Jabón de alta calidad. Ideal para el hogar o negocio.;53621.0;869;5;W054;NULL;10
260;Genérico Deluxe 270;Genérico de alta calidad. Ideal para el hogar o negocio.;91837.0;666;7;Q102;237;NULL
261;Jugo Deluxe 869;Jugo de alta calidad. Ideal para el hogar o negocio.;83308.0;345;3;S957;NULL;5
262;Genérico Premium 169;Genérico de alta calidad. Ideal para el hogar o negocio.;4768.0;172;17;T259;NULL;5
263;Bocadillo Max 520;Bocadillo de alta calidad. Ideal para el hogar o negocio.;79886.0;121;1;W210;NULL;8
264;Genérico Express 395;Genérico de alta calidad. Ideal para el hogar o negocio.;49516.0;165;8;V256;303;NULL
265;Genérico Deluxe 319;Genérico de alta calidad. Ideal para el hogar o negocio.;62926.0;143;16;N646;240;NULL
266;Suavizante Deluxe 439;Suavizante de alta calidad. Ideal para el hogar o negocio.;40281.0;776;5;Q993;7;NULL
267;Genérico Eco 634;Genérico de alta calidad. Ideal para el hogar o negocio.;67451.0;367;7;L326;290;NULL
268;Genérico Clásico 395;Genérico de alta calidad. Ideal para el hogar o negocio.;27726.0;548;6;E258;191;NULL
269;Genérico Selecto 510;Genérico de alta calidad. Ideal para el hogar o negocio.;11821.0;891;7;Z344;NULL;6
270;Chips Selecto 778;Chips de alta calidad. Ideal para el hogar o negocio.;78926.0;530;2;M290;NULL;2
271;Chips Clásico 823;Chips de alta calidad. Ideal para el hogar o negocio.;23345.0;198;2;F022;NULL;2
272;Genérico Eco 667;Genérico de alta calidad. Ideal para el hogar o negocio.;45421.0;105;16;I421;351;NULL
273;Genérico Plus 75;Genérico de alta calidad. Ideal para el hogar o negocio.;7221.0;542;16;E422;NULL;7
274;Choclitos Ligero 775;Choclitos de alta calidad. Ideal para el hogar o negocio.;86035.0;351;2;C983;NULL;2
275;Genérico Ligero 322;Genérico de alta calidad. Ideal para el hogar o negocio.;27198.0;359;9;B835;NULL;3
276;Genérico Deluxe 775;Genérico de alta calidad. Ideal para el hogar o negocio.;46898.0;966;15;V835;411;NULL
277;Genérico Premium 148;Genérico de alta calidad. Ideal para el hogar o negocio.;9252.0;522;6;I750;496;NULL
278;Genérico Eco 585;Genérico de alta calidad. Ideal para el hogar o negocio.;65028.0;804;15;H053;NULL;8
279;Genérico Express 618;Genérico de alta calidad. Ideal para el hogar o negocio.;40935.0;875;6;Z014;444;NULL
280;Limpiador Ligero 532;Limpiador de alta calidad. Ideal para el hogar o negocio.;88131.0;910;5;X510;144;NULL
281;Genérico Ligero 212;Genérico de alta calidad. Ideal para el hogar o negocio.;38125.0;630;8;N246;NULL;2
282;Genérico Deluxe 462;Genérico de alta calidad. Ideal para el hogar o negocio.;65228.0;154;11;Q104;454;NULL
283;Genérico Clásico 294;Genérico de alta calidad. Ideal para el hogar o negocio.;64903.0;478;15;R237;NULL;10
284;Genérico Premium 595;Genérico de alta calidad. Ideal para el hogar o negocio.;73619.0;419;11;L725;359;NULL
285;Genérico Express 782;Genérico de alta calidad. Ideal para el hogar o negocio.;74957.0;745;7;A065;NULL;1
286;Genérico Premium 357;Genérico de alta calidad. Ideal para el hogar o negocio.;55306.0;819;18;D846;366;NULL
287;Genérico Deluxe 998;Genérico de alta calidad. Ideal para el hogar o negocio.;46111.0;939;13;U460;321;NULL
288;Mix de maíz Max 638;Mix de maíz de alta calidad. Ideal para el hogar o negocio.;73922.0;628;2;X435;NULL;7
289;Bebida energética Max 582;Bebida energética de alta calidad. Ideal para el hogar o negocio.;28354.0;288;3;H680;146;NULL
290;Genérico Plus 174;Genérico de alta calidad. Ideal para el hogar o negocio.;48860.0;167;13;C590;NULL;2
291;Genérico Selecto 630;Genérico de alta calidad. Ideal para el hogar o negocio.;15503.0;316;13;M905;455;NULL
292;Genérico Eco 596;Genérico de alta calidad. Ideal para el hogar o negocio.;19696.0;618;17;P075;133;NULL
293;Genérico Ligero 360;Genérico de alta calidad. Ideal para el hogar o negocio.;33089.0;585;8;P105;NULL;2
294;Genérico Ligero 672;Genérico de alta calidad. Ideal para el hogar o negocio.;98924.0;660;17;M271;498;NULL
295;Tequila Selecto 206;Tequila de alta calidad. Ideal para el hogar o negocio.;17684.0;240;4;O207;457;NULL
296;Vino Max 297;Vino de alta calidad. Ideal para el hogar o negocio.;75856.0;386;4;I105;NULL;10
297;Platanitos Fresco 870;Platanitos de alta calidad. Ideal para el hogar o negocio.;24487.0;270;2;M290;346;NULL
298;Genérico Clásico 846;Genérico de alta calidad. Ideal para el hogar o negocio.;73516.0;24;17;G628;276;NULL
299;Genérico Premium 290;Genérico de alta calidad. Ideal para el hogar o negocio.;43289.0;993;7;S673;NULL;10
300;Jabón Plus 544;Jabón de alta calidad. Ideal para el hogar o negocio.;1084.0;136;5;H146;175;NULL
301;Genérico Premium 163;Genérico de alta calidad. Ideal para el hogar o negocio.;50855.0;987;15;Y195;415;NULL
302;Genérico Max 157;Genérico de alta calidad. Ideal para el hogar o negocio.;45807.0;510;11;L458;NULL;6
303;Genérico Deluxe 959;Genérico de alta calidad. Ideal para el hogar o negocio.;70404.0;893;8;F362;NULL;8
304;Bebida energética Max 286;Bebida energética de alta calidad. Ideal para el hogar o negocio.;21395.0;827;3;U708;NULL;5
305;Cloro Premium 904;Cloro de alta calidad. Ideal para el hogar o negocio.;42834.0;770;5;J411;NULL;1
306;Suavizante Premium 759;Suavizante de alta calidad. Ideal para el hogar o negocio.;85233.0;173;5;H156;199;NULL
307;Turrón Ligero 937;Turrón de alta calidad. Ideal para el hogar o negocio.;5705.0;160;1;Z825;NULL;4
308;Brandy Clásico 297;Brandy de alta calidad. Ideal para el hogar o negocio.;60328.0;250;4;G256;NULL;9
309;Genérico Ligero 368;Genérico de alta calidad. Ideal para el hogar o negocio.;82967.0;578;16;P917;188;NULL
310;Genérico Selecto 715;Genérico de alta calidad. Ideal para el hogar o negocio.;83597.0;553;12;X537;NULL;1
311;Genérico Deluxe 598;Genérico de alta calidad. Ideal para el hogar o negocio.;58655.0;888;18;M112;NULL;7
312;Genérico Selecto 275;Genérico de alta calidad. Ideal para el hogar o negocio.;83139.0;11;16;L923;NULL;9
313;Genérico Ligero 856;Genérico de alta calidad. Ideal para el hogar o negocio.;30627.0;708;16;S957;NULL;9
314;Genérico Premium 534;Genérico de alta calidad. Ideal para el hogar o negocio.;32697.0;638;13;G152;32;NULL
315;Bocadillo Selecto 36;Bocadillo de alta calidad. Ideal para el hogar o negocio.;61131.0;800;1;C502;NULL;3
316;Genérico Eco 851;Genérico de alta calidad. Ideal para el hogar o negocio.;79878.0;483;17;R019;NULL;9
317;Genérico Clásico 662;Genérico de alta calidad. Ideal para el hogar o negocio.;31672.0;342;13;F675;NULL;2
318;Desengrasante Plus 259;Desengrasante de alta calidad. Ideal para el hogar o negocio.;73083.0;897;5;U103;180;NULL
319;Genérico Deluxe 784;Genérico de alta calidad. Ideal para el hogar o negocio.;38537.0;526;13;N246;NULL;1
320;Yucas Eco 887;Yucas de alta calidad. Ideal para el hogar o negocio.;41862.0;686;2;V178;301;NULL
321;Platanitos Premium 231;Platanitos de alta calidad. Ideal para el hogar o negocio.;97764.0;964;2;U010;NULL;10
322;Multiusos Premium 881;Multiusos de alta calidad. Ideal para el hogar o negocio.;11451.0;235;5;P309;26;NULL
323;Genérico Deluxe 821;Genérico de alta calidad. Ideal para el hogar o negocio.;93445.0;814;9;I105;342;NULL
324;Genérico Premium 748;Genérico de alta calidad. Ideal para el hogar o negocio.;53230.0;343;6;F022;NULL;1
325;Tostacos Selecto 64;Tostacos de alta calidad. Ideal para el hogar o negocio.;22210.0;855;2;H620;302;NULL
326;Chicle Premium 943;Chicle de alta calidad. Ideal para el hogar o negocio.;88138.0;913;1;R810;NULL;8
327;Genérico Plus 76;Genérico de alta calidad. Ideal para el hogar o negocio.;81515.0;64;7;U372;143;NULL
328;Genérico Eco 717;Genérico de alta calidad. Ideal para el hogar o negocio.;53296.0;575;8;Z141;NULL;9
329;Genérico Selecto 916;Genérico de alta calidad. Ideal para el hogar o negocio.;32185.0;266;7;G544;187;NULL
330;Genérico Deluxe 506;Genérico de alta calidad. Ideal para el hogar o negocio.;98445.0;723;17;D311;50;NULL
331;Genérico Ligero 899;Genérico de alta calidad. Ideal para el hogar o negocio.;8558.0;239;17;F952;NULL;3
332;Genérico Plus 147;Genérico de alta calidad. Ideal para el hogar o negocio.;54163.0;112;18;T952;NULL;7
333;Genérico Ligero 269;Genérico de alta calidad. Ideal para el hogar o negocio.;26256.0;433;13;B039;132;NULL
334;Papas Eco 107;Papas de alta calidad. Ideal para el hogar o negocio.;82420.0;390;2;U460;NULL;3
335;Genérico Deluxe 379;Genérico de alta calidad. Ideal para el hogar o negocio.;10390.0;777;12;B666;479;NULL
336;Desinfectante Clásico 609;Desinfectante de alta calidad. Ideal para el hogar o negocio.;61024.0;410;5;N023;NULL;5
337;Genérico Clásico 934;Genérico de alta calidad. Ideal para el hogar o negocio.;53019.0;245;12;T250;NULL;6
338;Genérico Premium 833;Genérico de alta calidad. Ideal para el hogar o negocio.;18203.0;266;11;D905;261;NULL
339;Genérico Express 144;Genérico de alta calidad. Ideal para el hogar o negocio.;36814.0;281;7;Z141;174;NULL
340;Gomitas Max 822;Gomitas de alta calidad. Ideal para el hogar o negocio.;49368.0;418;1;B307;NULL;3
341;Genérico Fresco 102;Genérico de alta calidad. Ideal para el hogar o negocio.;46139.0;914;7;R942;383;NULL
342;Genérico Ligero 402;Genérico de alta calidad. Ideal para el hogar o negocio.;36554.0;188;15;O207;NULL;7
343;Genérico Express 998;Genérico de alta calidad. Ideal para el hogar o negocio.;62966.0;196;17;Z018;74;NULL
344;Genérico Fresco 110;Genérico de alta calidad. Ideal para el hogar o negocio.;70444.0;857;16;A046;492;NULL
345;Genérico Clásico 612;Genérico de alta calidad. Ideal para el hogar o negocio.;97005.0;972;7;F710;NULL;7
346;Desengrasante Clásico 41;Desengrasante de alta calidad. Ideal para el hogar o negocio.;19765.0;915;5;D846;NULL;6
347;Genérico Ligero 979;Genérico de alta calidad. Ideal para el hogar o negocio.;99401.0;156;12;O607;333;NULL
348;Detergente Express 868;Detergente de alta calidad. Ideal para el hogar o negocio.;76195.0;970;5;B903;NULL;5
349;Gaseosa Express 735;Gaseosa de alta calidad. Ideal para el hogar o negocio.;83274.0;648;3;F249;325;NULL
350;Genérico Ligero 44;Genérico de alta calidad. Ideal para el hogar o negocio.;96245.0;10;8;G762;NULL;8
351;Gomitas Clásico 425;Gomitas de alta calidad. Ideal para el hogar o negocio.;40395.0;652;1;V411;10;NULL
352;Limonada Eco 392;Limonada de alta calidad. Ideal para el hogar o negocio.;45817.0;132;3;D823;313;NULL
353;Mix de maíz Fresco 425;Mix de maíz de alta calidad. Ideal para el hogar o negocio.;30011.0;939;2;P687;155;NULL
354;Genérico Eco 593;Genérico de alta calidad. Ideal para el hogar o negocio.;5162.0;193;18;X085;324;NULL
355;Multiusos Fresco 632;Multiusos de alta calidad. Ideal para el hogar o negocio.;83646.0;584;5;H010;436;NULL
356;Genérico Plus 696;Genérico de alta calidad. Ideal para el hogar o negocio.;69140.0;172;18;C918;266;NULL
357;Genérico Max 468;Genérico de alta calidad. Ideal para el hogar o negocio.;90761.0;732;7;S720;NULL;8
358;Genérico Max 71;Genérico de alta calidad. Ideal para el hogar o negocio.;53613.0;372;11;C297;431;NULL
359;Genérico Ligero 560;Genérico de alta calidad. Ideal para el hogar o negocio.;81084.0;580;15;K358;NULL;4
360;Genérico Express 267;Genérico de alta calidad. Ideal para el hogar o negocio.;31412.0;407;9;N250;194;NULL
361;Té Clásico 850;Té de alta calidad. Ideal para el hogar o negocio.;16263.0;772;3;X483;NULL;6
362;Yucas Eco 197;Yucas de alta calidad. Ideal para el hogar o negocio.;46581.0;388;2;Z141;NULL;1
363;Cerveza Ligero 69;Cerveza de alta calidad. Ideal para el hogar o negocio.;41701.0;780;4;V995;4;NULL
364;Genérico Premium 569;Genérico de alta calidad. Ideal para el hogar o negocio.;23637.0;577;9;Q178;443;NULL
365;Gomitas Express 954;Gomitas de alta calidad. Ideal para el hogar o negocio.;77623.0;924;1;J573;462;NULL
366;Genérico Premium 990;Genérico de alta calidad. Ideal para el hogar o negocio.;66434.0;306;6;N474;NULL;10
367;Genérico Ligero 746;Genérico de alta calidad. Ideal para el hogar o negocio.;99043.0;107;7;F710;NULL;5
368;Genérico Premium 25;Genérico de alta calidad. Ideal para el hogar o negocio.;71251.0;461;6;U835;470;NULL
369;Mix de maíz Clásico 976;Mix de maíz de alta calidad. Ideal para el hogar o negocio.;13608.0;278;2;P555;NULL;1
370;Genérico Deluxe 453;Genérico de alta calidad. Ideal para el hogar o negocio.;25337.0;908;8;W229;NULL;2
371;Genérico Ligero 282;Genérico de alta calidad. Ideal para el hogar o negocio.;74621.0;974;7;J480;NULL;3
372;Genérico Deluxe 144;Genérico de alta calidad. Ideal para el hogar o negocio.;47446.0;12;9;C472;162;NULL
373;Genérico Express 831;Genérico de alta calidad. Ideal para el hogar o negocio.;44272.0;579;16;Q144;NULL;10
374;Genérico Ligero 6611;Genérico de alta calidad. Ideal para el hogar o negocio.;54593.0;36;15;Q203;473;NULL
375;Yucas Express 544;Yucas de alta calidad. Ideal para el hogar o negocio.;61693.0;433;2;W701;NULL;4
376;Caramelo Premium 919;Caramelo de alta calidad. Ideal para el hogar o negocio.;37585.0;634;1;Z141;NULL;2
377;Genérico Express 754;Genérico de alta calidad. Ideal para el hogar o negocio.;54050.0;7;16;M950;58;NULL
378;Vino Plus 283;Vino de alta calidad. Ideal para el hogar o negocio.;85104.0;738;4;L611;NULL;9
379;Genérico Plus 36;Genérico de alta calidad. Ideal para el hogar o negocio.;14457.0;97;9;M934;NULL;9
380;Genérico Max 976;Genérico de alta calidad. Ideal para el hogar o negocio.;95071.0;545;16;V449;NULL;1
381;Ron Express 542;Ron de alta calidad. Ideal para el hogar o negocio.;32632.0;555;4;U460;39;NULL
382;Genérico Deluxe 59;Genérico de alta calidad. Ideal para el hogar o negocio.;58209.0;803;16;Q670;333;NULL
383;Genérico Deluxe 577;Genérico de alta calidad. Ideal para el hogar o negocio.;2837.0;643;18;D578;NULL;9
384;Genérico Ligero 596;Genérico de alta calidad. Ideal para el hogar o negocio.;13364.0;925;13;F249;NULL;3
385;Genérico Ligero 515;Genérico de alta calidad. Ideal para el hogar o negocio.;42392.0;376;18;K495;NULL;6
386;Limonada Plus 179;Limonada de alta calidad. Ideal para el hogar o negocio.;83368.0;150;3;L574;NULL;10
387;Genérico Selecto 778;Genérico de alta calidad. Ideal para el hogar o negocio.;55228.0;309;11;T250;NULL;2
388;Bocadillo Plus 548;Bocadillo de alta calidad. Ideal para el hogar o negocio.;43113.0;338;1;R300;NULL;5
389;Suavizante Plus 738;Suavizante de alta calidad. Ideal para el hogar o negocio.;10408.0;6;5;X653;440;NULL
390;Genérico Premium 700;Genérico de alta calidad. Ideal para el hogar o negocio.;29774.0;664;7;J313;NULL;5
391;Genérico Ligero 665;Genérico de alta calidad. Ideal para el hogar o negocio.;91815.0;219;7;U460;287;NULL
392;Tequila Selecto 79;Tequila de alta calidad. Ideal para el hogar o negocio.;60806.0;890;4;G777;NULL;4
393;Gomitas Clásico 449;Gomitas de alta calidad. Ideal para el hogar o negocio.;37773.0;368;1;U188;NULL;9
394;Genérico Premium 804;Genérico de alta calidad. Ideal para el hogar o negocio.;65414.0;282;16;B666;139;NULL
395;Genérico Clásico 445;Genérico de alta calidad. Ideal para el hogar o negocio.;59881.0;87;6;Q871;NULL;4
396;Desengrasante Premium 841;Desengrasante de alta calidad. Ideal para el hogar o negocio.;55753.0;96;5;I881;NULL;3
397;Champaña Clásico 343;Champaña de alta calidad. Ideal para el hogar o negocio.;38306.0;385;4;I023;326;NULL
398;Genérico Deluxe 760;Genérico de alta calidad. Ideal para el hogar o negocio.;22417.0;257;6;M905;470;NULL
399;Genérico Premium 1964;Genérico de alta calidad. Ideal para el hogar o negocio.;58834.0;269;18;H146;NULL;4
400;Genérico Premium 60;Genérico de alta calidad. Ideal para el hogar o negocio.;38820.0;423;8;W229;NULL;9
401;Limpiador Eco 529;Limpiador de alta calidad. Ideal para el hogar o negocio.;96029.0;82;5;E051;NULL;10
402;Genérico Deluxe 333;Genérico de alta calidad. Ideal para el hogar o negocio.;86263.0;543;18;A209;29;NULL
403;Tequila Express 279;Tequila de alta calidad. Ideal para el hogar o negocio.;3816.0;1;4;W392;372;NULL
404;Genérico Ligero 425;Genérico de alta calidad. Ideal para el hogar o negocio.;82483.0;6;18;X085;292;NULL
405;Genérico Clásico 879;Genérico de alta calidad. Ideal para el hogar o negocio.;50673.0;552;16;U460;NULL;5
406;Genérico Eco 255;Genérico de alta calidad. Ideal para el hogar o negocio.;64381.0;85;6;M559;NULL;2
407;Genérico Express 102;Genérico de alta calidad. Ideal para el hogar o negocio.;61984.0;838;13;G265;NULL;6
408;Genérico Express 140;Genérico de alta calidad. Ideal para el hogar o negocio.;38046.0;539;7;V797;NULL;2
409;Genérico Premium 268;Genérico de alta calidad. Ideal para el hogar o negocio.;46471.0;744;15;B841;NULL;7
410;Genérico Clásico 158;Genérico de alta calidad. Ideal para el hogar o negocio.;99082.0;231;8;X552;248;NULL
411;Agua Max 87;Agua de alta calidad. Ideal para el hogar o negocio.;60174.0;368;3;E057;NULL;9
412;Genérico Max 579;Genérico de alta calidad. Ideal para el hogar o negocio.;18273.0;362;16;J526;NULL;2
413;Pastillas Max 898;Pastillas de alta calidad. Ideal para el hogar o negocio.;21963.0;122;1;K136;NULL;2
414;Genérico Eco 832;Genérico de alta calidad. Ideal para el hogar o negocio.;81813.0;30;6;C311;NULL;6
415;Genérico Premium 129;Genérico de alta calidad. Ideal para el hogar o negocio.;17292.0;837;8;I105;NULL;9
416;Genérico Plus 222;Genérico de alta calidad. Ideal para el hogar o negocio.;24706.0;842;16;B666;82;NULL
417;Cerveza Express 781;Cerveza de alta calidad. Ideal para el hogar o negocio.;36887.0;763;4;Z003;350;NULL
418;Genérico Clásico 25;Genérico de alta calidad. Ideal para el hogar o negocio.;18278.0;687;7;B512;424;NULL
419;Genérico Selecto 422;Genérico de alta calidad. Ideal para el hogar o negocio.;61362.0;414;13;X314;NULL;5
420;Bocadillo Ligero 494;Bocadillo de alta calidad. Ideal para el hogar o negocio.;99311.0;377;1;G777;NULL;6
421;Energizante Fresco 106;Energizante de alta calidad. Ideal para el hogar o negocio.;86024.0;450;3;I067;NULL;1
422;Vodka Selecto 563;Vodka de alta calidad. Ideal para el hogar o negocio.;33176.0;274;4;K318;NULL;9
423;Genérico Premium 710;Genérico de alta calidad. Ideal para el hogar o negocio.;92075.0;579;13;Q102;368;NULL
424;Genérico Ligero 873;Genérico de alta calidad. Ideal para el hogar o negocio.;2713.0;382;16;X208;339;NULL
425;Genérico Express 819;Genérico de alta calidad. Ideal para el hogar o negocio.;92118.0;239;8;S426;NULL;1
426;Genérico Premium 655;Genérico de alta calidad. Ideal para el hogar o negocio.;99993.0;346;15;X537;NULL;3
427;Desodorizante Selecto 476;Desodorizante de alta calidad. Ideal para el hogar o negocio.;68232.0;851;5;J839;458;NULL
428;Gaseosa Plus 501;Gaseosa de alta calidad. Ideal para el hogar o negocio.;87285.0;585;3;X270;NULL;10
429;Jugo Eco 889;Jugo de alta calidad. Ideal para el hogar o negocio.;35342.0;973;3;J960;352;NULL
430;Genérico Fresco 129;Genérico de alta calidad. Ideal para el hogar o negocio.;14713.0;777;13;L976;463;NULL
431;Genérico Eco 484;Genérico de alta calidad. Ideal para el hogar o negocio.;87908.0;879;13;Q595;NULL;8
432;Genérico Ligero 719;Genérico de alta calidad. Ideal para el hogar o negocio.;56288.0;419;13;J244;34;NULL
433;Desengrasante Max 446;Desengrasante de alta calidad. Ideal para el hogar o negocio.;28014.0;700;5;B666;NULL;6
434;Malta Clásico 213;Malta de alta calidad. Ideal para el hogar o negocio.;8673.0;570;3;P727;NULL;8
435;Genérico Deluxe 612;Genérico de alta calidad. Ideal para el hogar o negocio.;66841.0;42;13;J482;273;NULL
436;Limpiavidrios Max 820;Limpiavidrios de alta calidad. Ideal para el hogar o negocio.;58189.0;208;5;B841;NULL;9
437;Bebida energética Express 379;Bebida energética de alta calidad. Ideal para el hogar o negocio.;68717.0;266;3;Q246;14;NULL
438;Brandy Express 813;Brandy de alta calidad. Ideal para el hogar o negocio.;16221.0;423;4;S426;164;NULL
439;Genérico Clásico 697;Genérico de alta calidad. Ideal para el hogar o negocio.;55231.0;372;12;Z014;NULL;5
440;Detergente Deluxe 846;Detergente de alta calidad. Ideal para el hogar o negocio.;56561.0;574;5;B903;NULL;5
441;Chocolate Eco 687;Chocolate de alta calidad. Ideal para el hogar o negocio.;38805.0;778;1;A722;45;NULL
442;Genérico Ligero 147;Genérico de alta calidad. Ideal para el hogar o negocio.;73117.0;822;18;K985;460;NULL
443;Pastillas Premium 626;Pastillas de alta calidad. Ideal para el hogar o negocio.;3442.0;327;1;U460;220;NULL
444;Genérico Eco 678;Genérico de alta calidad. Ideal para el hogar o negocio.;80231.0;248;17;L251;68;NULL
445;Genérico Fresco 799;Genérico de alta calidad. Ideal para el hogar o negocio.;34922.0;356;9;F894;266;NULL
446;Genérico Plus 953;Genérico de alta calidad. Ideal para el hogar o negocio.;29552.0;957;13;I263;NULL;8
447;Multiusos Selecto 187;Multiusos de alta calidad. Ideal para el hogar o negocio.;44783.0;944;5;G694;NULL;2
448;Genérico Plus 513;Genérico de alta calidad. Ideal para el hogar o negocio.;84233.0;359;12;Q102;237;NULL
449;Genérico Fresco 869;Genérico de alta calidad. Ideal para el hogar o negocio.;44218.0;775;11;Q993;NULL;1
450;Genérico Eco 4;Genérico de alta calidad. Ideal para el hogar o negocio.;32767.0;824;18;V754;NULL;1
451;Genérico Ligero 430;Genérico de alta calidad. Ideal para el hogar o negocio.;20823.0;65;15;Y749;NULL;4
452;Genérico Clásico 1160;Genérico de alta calidad. Ideal para el hogar o negocio.;22181.0;749;16;W054;NULL;4
453;Genérico Clásico 148;Genérico de alta calidad. Ideal para el hogar o negocio.;43556.0;174;8;F506;NULL;4
454;Multiusos Ligero 675;Multiusos de alta calidad. Ideal para el hogar o negocio.;64695.0;839;5;H010;NULL;3
455;Mazapán Plus 272;Mazapán de alta calidad. Ideal para el hogar o negocio.;97261.0;721;1;C148;NULL;1
456;Genérico Plus 51;Genérico de alta calidad. Ideal para el hogar o negocio.;50862.0;241;11;A470;211;NULL
457;Genérico Plus 124;Genérico de alta calidad. Ideal para el hogar o negocio.;38791.0;478;15;B903;426;NULL
458;Genérico Max 9;Genérico de alta calidad. Ideal para el hogar o negocio.;89211.0;736;18;I842;367;NULL
459;Genérico Deluxe 473;Genérico de alta calidad. Ideal para el hogar o negocio.;88005.0;996;6;U816;80;NULL
460;Limonada Deluxe 885;Limonada de alta calidad. Ideal para el hogar o negocio.;30979.0;346;3;Z344;NULL;6
461;Bebida de frutas Max 427;Bebida de frutas de alta calidad. Ideal para el hogar o negocio.;10987.0;508;3;F058;NULL;6
462;Genérico Clásico 767;Genérico de alta calidad. Ideal para el hogar o negocio.;99418.0;162;15;R027;377;NULL
463;Genérico Premium 611;Genérico de alta calidad. Ideal para el hogar o negocio.;5416.0;588;11;V454;NULL;10
464;Cloro Selecto 702;Cloro de alta calidad. Ideal para el hogar o negocio.;55313.0;200;5;V754;52;NULL
465;Genérico Fresco 508;Genérico de alta calidad. Ideal para el hogar o negocio.;43074.0;422;12;S634;65;NULL
466;Genérico Eco 982;Genérico de alta calidad. Ideal para el hogar o negocio.;47262.0;77;18;Z504;430;NULL
467;Genérico Max 216;Genérico de alta calidad. Ideal para el hogar o negocio.;58721.0;618;11;D846;270;NULL
468;Malvavisco Deluxe 924;Malvavisco de alta calidad. Ideal para el hogar o negocio.;98100.0;538;1;H927;NULL;9
469;Vodka Clásico 778;Vodka de alta calidad. Ideal para el hogar o negocio.;73959.0;940;4;X332;118;NULL
470;Genérico Plus 566;Genérico de alta calidad. Ideal para el hogar o negocio.;28506.0;963;7;H241;NULL;5
471;Ginebra Plus 677;Ginebra de alta calidad. Ideal para el hogar o negocio.;84140.0;835;4;V711;32;NULL
472;Desengrasante Premium 479;Desengrasante de alta calidad. Ideal para el hogar o negocio.;20232.0;8;5;M934;NULL;8
473;Genérico Premium 659;Genérico de alta calidad. Ideal para el hogar o negocio.;70362.0;550;17;M905;366;NULL
474;Genérico Deluxe 117;Genérico de alta calidad. Ideal para el hogar o negocio.;79095.0;593;17;B211;359;NULL
475;Genérico Deluxe 587;Genérico de alta calidad. Ideal para el hogar o negocio.;30742.0;62;12;S207;NULL;2
476;Multiusos Max 335;Multiusos de alta calidad. Ideal para el hogar o negocio.;53978.0;629;5;U085;372;NULL
477;Genérico Eco 148;Genérico de alta calidad. Ideal para el hogar o negocio.;58101.0;472;9;W510;111;NULL
478;Genérico Fresco 895;Genérico de alta calidad. Ideal para el hogar o negocio.;80457.0;494;11;O685;NULL;5
479;Genérico Ligero 422;Genérico de alta calidad. Ideal para el hogar o negocio.;54713.0;596;18;Y795;NULL;9
480;Genérico Selecto 495;Genérico de alta calidad. Ideal para el hogar o negocio.;55564.0;20;13;G303;NULL;7
481;Gaseosa Ligero 55;Gaseosa de alta calidad. Ideal para el hogar o negocio.;78294.0;71;3;I461;NULL;9
482;Genérico Plus 927;Genérico de alta calidad. Ideal para el hogar o negocio.;12192.0;750;6;F710;NULL;8
483;Limpiador Fresco 418;Limpiador de alta calidad. Ideal para el hogar o negocio.;54845.0;650;5;O994;NULL;6
484;Genérico Eco 417;Genérico de alta calidad. Ideal para el hogar o negocio.;68205.0;569;12;X314;134;NULL
485;Genérico Selecto 975;Genérico de alta calidad. Ideal para el hogar o negocio.;18819.0;767;9;N023;344;NULL
486;Genérico Premium 684;Genérico de alta calidad. Ideal para el hogar o negocio.;33869.0;699;16;S426;NULL;1
487;Genérico Selecto 821;Genérico de alta calidad. Ideal para el hogar o negocio.;54361.0;693;11;P075;189;NULL
488;Genérico Selecto 160;Genérico de alta calidad. Ideal para el hogar o negocio.;63864.0;357;16;R942;NULL;6
489;Genérico Fresco 277;Genérico de alta calidad. Ideal para el hogar o negocio.;11289.0;570;7;J480;291;NULL
490;Chocolate Eco 324;Chocolate de alta calidad. Ideal para el hogar o negocio.;1878.0;700;1;O239;NULL;7
491;Genérico Eco 920;Genérico de alta calidad. Ideal para el hogar o negocio.;76592.0;990;12;Q636;205;NULL
492;Genérico Ligero 880;Genérico de alta calidad. Ideal para el hogar o negocio.;35784.0;21;18;G628;30;NULL
493;Genérico Premium 430;Genérico de alta calidad. Ideal para el hogar o negocio.;38511.0;591;17;X412;489;NULL
494;Genérico Express 415;Genérico de alta calidad. Ideal para el hogar o negocio.;11673.0;535;6;M271;NULL;1
495;Jugo Deluxe 243;Jugo de alta calidad. Ideal para el hogar o negocio.;16489.0;156;3;J603;NULL;2
496;Suavizante Fresco 989;Suavizante de alta calidad. Ideal para el hogar o negocio.;21455.0;57;5;D796;NULL;2
497;Genérico Clásico 507;Genérico de alta calidad. Ideal para el hogar o negocio.;96171.0;40;6;N989;NULL;7
498;Nachos Ligero 615;Nachos de alta calidad. Ideal para el hogar o negocio.;76326.0;838;2;L251;NULL;7
499;Genérico Max 53;Genérico de alta calidad. Ideal para el hogar o negocio.;96127.0;402;17;B019;97;NULL
500;Genérico Deluxe 864;Genérico de alta calidad. Ideal para el hogar o negocio.;1372.0;839;18;D445;NULL;6
501;Suavizante Clásico 501;Suavizante de alta calidad. Ideal para el hogar o negocio.;28331.0;462;5;K976;262;NULL
502;Genérico Selecto 621;Genérico de alta calidad. Ideal para el hogar o negocio.;58248.0;264;17;I735;NULL;10
503;Genérico Premium 69;Genérico de alta calidad. Ideal para el hogar o negocio.;54212.0;139;6;H902;NULL;3
504;Cloro Fresco 53;Cloro de alta calidad. Ideal para el hogar o negocio.;76067.0;759;5;U347;NULL;4
505;Genérico Premium 832;Genérico de alta calidad. Ideal para el hogar o negocio.;66942.0;911;12;X270;176;NULL
506;Tequila Plus 548;Tequila de alta calidad. Ideal para el hogar o negocio.;94371.0;290;4;U372;367;NULL
507;Genérico Eco 974;Genérico de alta calidad. Ideal para el hogar o negocio.;50154.0;359;6;W054;NULL;5
508;Desodorizante Deluxe 379;Desodorizante de alta calidad. Ideal para el hogar o negocio.;20492.0;962;5;Q993;203;NULL
509;Genérico Max 485;Genérico de alta calidad. Ideal para el hogar o negocio.;72164.0;114;9;Y426;NULL;8
510;Genérico Premium 55;Genérico de alta calidad. Ideal para el hogar o negocio.;4028.0;477;9;J573;373;NULL
511;Genérico Eco 515;Genérico de alta calidad. Ideal para el hogar o negocio.;98359.0;189;9;V449;NULL;8
512;Arepitas Clásico 472;Arepitas de alta calidad. Ideal para el hogar o negocio.;94096.0;516;2;K595;NULL;4
513;Genérico Eco 18;Genérico de alta calidad. Ideal para el hogar o negocio.;66263.0;488;15;D788;NULL;10
514;Genérico Express 95;Genérico de alta calidad. Ideal para el hogar o negocio.;60764.0;549;11;P885;444;NULL
515;Genérico Plus 72;Genérico de alta calidad. Ideal para el hogar o negocio.;96436.0;881;13;E876;NULL;6
516;Caramelo Plus 727;Caramelo de alta calidad. Ideal para el hogar o negocio.;6509.0;225;1;U133;NULL;7
517;Genérico Deluxe 616;Genérico de alta calidad. Ideal para el hogar o negocio.;87958.0;793;7;A960;198;NULL
518;Genérico Plus 676;Genérico de alta calidad. Ideal para el hogar o negocio.;91429.0;69;9;W510;NULL;10
519;Genérico Fresco 630;Genérico de alta calidad. Ideal para el hogar o negocio.;52639.0;566;6;C102;NULL;4
520;Tostacos Ligero 145;Tostacos de alta calidad. Ideal para el hogar o negocio.;14642.0;987;2;O201;209;NULL
521;Caramelo Express 118;Caramelo de alta calidad. Ideal para el hogar o negocio.;18716.0;317;1;E779;NULL;7
522;Yucas Plus 217;Yucas de alta calidad. Ideal para el hogar o negocio.;34040.0;853;2;V178;274;NULL
523;Genérico Fresco 850;Genérico de alta calidad. Ideal para el hogar o negocio.;86950.0;189;18;W510;NULL;5
524;Genérico Ligero 858;Genérico de alta calidad. Ideal para el hogar o negocio.;3893.0;431;18;X510;79;NULL
525;Genérico Clásico 684;Genérico de alta calidad. Ideal para el hogar o negocio.;17303.0;186;7;X909;372;NULL
526;Ron Clásico 345;Ron de alta calidad. Ideal para el hogar o negocio.;36255.0;895;4;R500;29;NULL
527;Limonada Max 17;Limonada de alta calidad. Ideal para el hogar o negocio.;19575.0;631;3;W826;346;NULL
528;Genérico Plus 974;Genérico de alta calidad. Ideal para el hogar o negocio.;24822.0;840;17;R143;49;NULL
529;Platanitos Fresco 602;Platanitos de alta calidad. Ideal para el hogar o negocio.;70609.0;187;2;R384;82;NULL
530;Genérico Clásico 143;Genérico de alta calidad. Ideal para el hogar o negocio.;73508.0;454;8;F675;412;NULL
531;Genérico Ligero 451;Genérico de alta calidad. Ideal para el hogar o negocio.;27317.0;586;15;Q795;309;NULL
532;Choclitos Max 113;Choclitos de alta calidad. Ideal para el hogar o negocio.;98860.0;508;2;U922;NULL;10
533;Genérico Premium 664;Genérico de alta calidad. Ideal para el hogar o negocio.;31007.0;727;18;E322;NULL;6
534;Desengrasante Max 240;Desengrasante de alta calidad. Ideal para el hogar o negocio.;19518.0;48;5;A618;NULL;7
535;Yucas Selecto 237;Yucas de alta calidad. Ideal para el hogar o negocio.;81415.0;530;2;C494;233;NULL
536;Malvavisco Eco 428;Malvavisco de alta calidad. Ideal para el hogar o negocio.;56609.0;964;1;K318;NULL;8
537;Genérico Eco 381;Genérico de alta calidad. Ideal para el hogar o negocio.;3270.0;446;12;I242;350;NULL
538;Brandy Selecto 193;Brandy de alta calidad. Ideal para el hogar o negocio.;97432.0;922;4;B818;NULL;9
539;Genérico Express 263;Genérico de alta calidad. Ideal para el hogar o negocio.;33830.0;687;13;U007;482;NULL
540;Choclitos Eco 49;Choclitos de alta calidad. Ideal para el hogar o negocio.;27067.0;45;2;Y795;NULL;4
541;Genérico Max 618;Genérico de alta calidad. Ideal para el hogar o negocio.;25729.0;818;12;H098;NULL;7
542;Aguardiente Deluxe 173;Aguardiente de alta calidad. Ideal para el hogar o negocio.;26759.0;864;4;S207;60;NULL
543;Chifles Eco 971;Chifles de alta calidad. Ideal para el hogar o negocio.;38708.0;958;2;C918;NULL;5
544;Genérico Selecto 722;Genérico de alta calidad. Ideal para el hogar o negocio.;88704.0;857;12;Y516;303;NULL
545;Genérico Deluxe 788;Genérico de alta calidad. Ideal para el hogar o negocio.;11652.0;721;11;F894;NULL;1
546;Genérico Express 623;Genérico de alta calidad. Ideal para el hogar o negocio.;4917.0;366;12;C783;277;NULL
547;Vino Max 820;Vino de alta calidad. Ideal para el hogar o negocio.;52895.0;671;4;R397;186;NULL
548;Genérico Clásico 412;Genérico de alta calidad. Ideal para el hogar o negocio.;2355.0;351;15;D105;NULL;5
549;Genérico Premium 451;Genérico de alta calidad. Ideal para el hogar o negocio.;65747.0;626;17;K916;NULL;10
550;Genérico Fresco 908;Genérico de alta calidad. Ideal para el hogar o negocio.;58799.0;996;8;L458;333;NULL
551;Genérico Premium 358;Genérico de alta calidad. Ideal para el hogar o negocio.;81879.0;50;8;G152;409;NULL
552;Genérico Plus 392;Genérico de alta calidad. Ideal para el hogar o negocio.;74146.0;375;15;X510;434;NULL
553;Genérico Express 368;Genérico de alta calidad. Ideal para el hogar o negocio.;28656.0;330;7;U007;NULL;6
554;Genérico Express 604;Genérico de alta calidad. Ideal para el hogar o negocio.;97658.0;535;15;X412;NULL;3
555;Genérico Eco 868;Genérico de alta calidad. Ideal para el hogar o negocio.;61870.0;878;7;D823;NULL;3
556;Ron Plus 927;Ron de alta calidad. Ideal para el hogar o negocio.;21060.0;43;4;N870;93;NULL
557;Genérico Plus 853;Genérico de alta calidad. Ideal para el hogar o negocio.;68218.0;627;11;Y426;NULL;10
558;Genérico Fresco 692;Genérico de alta calidad. Ideal para el hogar o negocio.;9343.0;614;15;K592;200;NULL
559;Genérico Fresco 255;Genérico de alta calidad. Ideal para el hogar o negocio.;10755.0;197;16;K318;266;NULL
560;Desinfectante Express 963;Desinfectante de alta calidad. Ideal para el hogar o negocio.;40582.0;229;5;D846;NULL;4
561;Genérico Fresco 73;Genérico de alta calidad. Ideal para el hogar o negocio.;36035.0;897;12;W025;20;NULL
562;Genérico Express 666;Genérico de alta calidad. Ideal para el hogar o negocio.;84160.0;689;16;T461;NULL;8
563;Genérico Max 988;Genérico de alta calidad. Ideal para el hogar o negocio.;63048.0;811;16;L278;NULL;3
564;Multiusos Max 940;Multiusos de alta calidad. Ideal para el hogar o negocio.;42209.0;682;5;E779;NULL;8
565;Champaña Max 788;Champaña de alta calidad. Ideal para el hogar o negocio.;65023.0;659;4;L757;NULL;6
566;Genérico Clásico 69;Genérico de alta calidad. Ideal para el hogar o negocio.;7212.0;403;11;L100;315;NULL
567;Nachos Clásico 127;Nachos de alta calidad. Ideal para el hogar o negocio.;32426.0;794;2;D660;138;NULL
568;Genérico Max 669;Genérico de alta calidad. Ideal para el hogar o negocio.;18284.0;715;16;U085;NULL;3
569;Pastillas Deluxe 507;Pastillas de alta calidad. Ideal para el hogar o negocio.;24444.0;587;1;A960;352;NULL
570;Turrón Ligero 324;Turrón de alta calidad. Ideal para el hogar o negocio.;41489.0;790;1;G724;341;NULL
571;Caramelo Deluxe 347;Caramelo de alta calidad. Ideal para el hogar o negocio.;53852.0;666;1;D400;NULL;9
572;Genérico Selecto 520;Genérico de alta calidad. Ideal para el hogar o negocio.;14683.0;525;13;C899;NULL;2
573;Genérico Fresco 408;Genérico de alta calidad. Ideal para el hogar o negocio.;15241.0;110;17;F506;NULL;1
574;Genérico Express 183;Genérico de alta calidad. Ideal para el hogar o negocio.;81399.0;217;16;K976;75;NULL
575;Genérico Plus 442;Genérico de alta calidad. Ideal para el hogar o negocio.;49933.0;17;18;V797;339;NULL
576;Genérico Clásico 627;Genérico de alta calidad. Ideal para el hogar o negocio.;63397.0;19;11;I225;488;NULL
577;Genérico Eco 877;Genérico de alta calidad. Ideal para el hogar o negocio.;26010.0;803;18;C839;NULL;3
578;Desodorizante Selecto 756;Desodorizante de alta calidad. Ideal para el hogar o negocio.;52780.0;567;5;S207;116;NULL
579;Arepitas Express 340;Arepitas de alta calidad. Ideal para el hogar o negocio.;52831.0;76;2;D311;71;NULL
580;Cloro Express 394;Cloro de alta calidad. Ideal para el hogar o negocio.;51200.0;355;5;Z912;251;NULL
581;Suavizante Selecto 691;Suavizante de alta calidad. Ideal para el hogar o negocio.;95988.0;949;5;F058;78;NULL
582;Genérico Express 293;Genérico de alta calidad. Ideal para el hogar o negocio.;32981.0;287;11;D445;NULL;5
583;Limpiavidrios Clásico 548;Limpiavidrios de alta calidad. Ideal para el hogar o negocio.;87339.0;869;5;T721;NULL;2
584;Tequila Clásico 910;Tequila de alta calidad. Ideal para el hogar o negocio.;5192.0;250;4;U784;307;NULL
585;Genérico Premium 976;Genérico de alta calidad. Ideal para el hogar o negocio.;28381.0;693;9;R742;75;NULL
586;Gaseosa Max 494;Gaseosa de alta calidad. Ideal para el hogar o negocio.;2081.0;446;3;Q815;303;NULL
587;Bebida energética Ligero 73;Bebida energética de alta calidad. Ideal para el hogar o negocio.;61357.0;112;3;X043;440;NULL
588;Turrón Fresco 455;Turrón de alta calidad. Ideal para el hogar o negocio.;57225.0;599;1;Q670;NULL;10
589;Genérico Fresco 749;Genérico de alta calidad. Ideal para el hogar o negocio.;24411.0;919;11;Q178;NULL;8
590;Yucas Deluxe 588;Yucas de alta calidad. Ideal para el hogar o negocio.;18024.0;394;2;N727;200;NULL
591;Genérico Selecto 854;Genérico de alta calidad. Ideal para el hogar o negocio.;11336.0;266;6;J573;NULL;10
592;Genérico Plus 598;Genérico de alta calidad. Ideal para el hogar o negocio.;47835.0;983;9;D578;NULL;2
593;Genérico Clásico 633;Genérico de alta calidad. Ideal para el hogar o negocio.;40608.0;842;6;M112;440;NULL
594;Genérico Deluxe 543;Genérico de alta calidad. Ideal para el hogar o negocio.;42227.0;951;9;K218;334;NULL
595;Refresco Fresco 763;Refresco de alta calidad. Ideal para el hogar o negocio.;24708.0;319;3;S866;287;NULL
596;Pastillas Max 614;Pastillas de alta calidad. Ideal para el hogar o negocio.;80680.0;614;1;R500;NULL;3
597;Jabón Express 951;Jabón de alta calidad. Ideal para el hogar o negocio.;8174.0;827;5;S673;NULL;4
598;Genérico Ligero 362;Genérico de alta calidad. Ideal para el hogar o negocio.;22586.0;680;12;H165;NULL;10
599;Genérico Fresco 575;Genérico de alta calidad. Ideal para el hogar o negocio.;1779.0;568;16;T444;106;NULL
600;Genérico Express 295;Genérico de alta calidad. Ideal para el hogar o negocio.;90210.0;723;12;F465;NULL;1
601;Genérico Plus 140;Genérico de alta calidad. Ideal para el hogar o negocio.;18643.0;349;18;A123;224;NULL
602;Cloro Express 508;Cloro de alta calidad. Ideal para el hogar o negocio.;83058.0;42;5;L131;451;NULL
603;Genérico Selecto 197;Genérico de alta calidad. Ideal para el hogar o negocio.;29777.0;475;12;K196;NULL;7
604;Genérico Selecto 992;Genérico de alta calidad. Ideal para el hogar o negocio.;46034.0;393;16;V310;359;NULL
605;Genérico Eco 266;Genérico de alta calidad. Ideal para el hogar o negocio.;25223.0;189;18;H010;NULL;7
606;Genérico Eco 588;Genérico de alta calidad. Ideal para el hogar o negocio.;70315.0;230;11;C311;NULL;9
607;Genérico Premium 636;Genérico de alta calidad. Ideal para el hogar o negocio.;72130.0;918;12;F249;394;NULL
608;Turrón Premium 498;Turrón de alta calidad. Ideal para el hogar o negocio.;85560.0;670;1;Z688;NULL;8
609;Genérico Plus 836;Genérico de alta calidad. Ideal para el hogar o negocio.;38218.0;758;11;I623;260;NULL
610;Aguardiente Fresco 89;Aguardiente de alta calidad. Ideal para el hogar o negocio.;97412.0;320;4;G777;NULL;1
611;Genérico Ligero 210;Genérico de alta calidad. Ideal para el hogar o negocio.;71523.0;768;17;N291;NULL;7
612;Genérico Ligero 705;Genérico de alta calidad. Ideal para el hogar o negocio.;47945.0;219;16;T967;NULL;4
613;Genérico Fresco 849;Genérico de alta calidad. Ideal para el hogar o negocio.;40637.0;442;12;R878;NULL;1
614;Genérico Max 77;Genérico de alta calidad. Ideal para el hogar o negocio.;47210.0;157;9;K196;NULL;3
615;Genérico Selecto 2100;Genérico de alta calidad. Ideal para el hogar o negocio.;8862.0;570;8;E073;NULL;9
616;Papas Plus 724;Papas de alta calidad. Ideal para el hogar o negocio.;34182.0;340;2;E322;NULL;1
617;Genérico Premium 269;Genérico de alta calidad. Ideal para el hogar o negocio.;10272.0;870;13;Q871;NULL;3
618;Genérico Selecto 58;Genérico de alta calidad. Ideal para el hogar o negocio.;98238.0;914;8;J082;211;NULL
619;Genérico Premium 769;Genérico de alta calidad. Ideal para el hogar o negocio.;35251.0;688;9;B835;NULL;3
620;Genérico Clásico 928;Genérico de alta calidad. Ideal para el hogar o negocio.;27442.0;742;12;G073;275;NULL
621;Ginebra Eco 733;Ginebra de alta calidad. Ideal para el hogar o negocio.;1344.0;258;4;B056;283;NULL
622;Gaseosa Fresco 124;Gaseosa de alta calidad. Ideal para el hogar o negocio.;91235.0;889;3;Y195;483;NULL
623;Ginebra Clásico 893;Ginebra de alta calidad. Ideal para el hogar o negocio.;85348.0;648;4;E826;NULL;7
624;Gaseosa Ligero 945;Gaseosa de alta calidad. Ideal para el hogar o negocio.;44300.0;47;3;D311;NULL;4
625;Choclitos Clásico 246;Choclitos de alta calidad. Ideal para el hogar o negocio.;62530.0;728;2;X574;173;NULL
626;Genérico Deluxe 284;Genérico de alta calidad. Ideal para el hogar o negocio.;13794.0;87;16;I318;250;NULL
627;Genérico Premium 718;Genérico de alta calidad. Ideal para el hogar o negocio.;80293.0;431;17;R942;NULL;5
628;Genérico Ligero 810;Genérico de alta calidad. Ideal para el hogar o negocio.;19287.0;886;8;C102;362;NULL
629;Genérico Deluxe 540;Genérico de alta calidad. Ideal para el hogar o negocio.;62315.0;879;17;I461;NULL;9
630;Mazapán Deluxe 864;Mazapán de alta calidad. Ideal para el hogar o negocio.;53609.0;687;1;Z624;376;NULL
631;Genérico Fresco 492;Genérico de alta calidad. Ideal para el hogar o negocio.;41903.0;853;17;F506;183;NULL
632;Gaseosa Express 922;Gaseosa de alta calidad. Ideal para el hogar o negocio.;93528.0;313;3;Z710;498;NULL
633;Genérico Max 150;Genérico de alta calidad. Ideal para el hogar o negocio.;2510.0;470;12;F249;235;NULL
634;Genérico Deluxe 684;Genérico de alta calidad. Ideal para el hogar o negocio.;93582.0;757;17;M112;297;NULL
635;Genérico Plus 893;Genérico de alta calidad. Ideal para el hogar o negocio.;43178.0;49;8;A767;NULL;6
636;Genérico Clásico 323;Genérico de alta calidad. Ideal para el hogar o negocio.;50631.0;636;17;X090;NULL;3
637;Té Premium 557;Té de alta calidad. Ideal para el hogar o negocio.;73814.0;635;3;P687;276;NULL
638;Arepitas Selecto 453;Arepitas de alta calidad. Ideal para el hogar o negocio.;43547.0;742;2;B307;NULL;2
639;Genérico Clásico 745;Genérico de alta calidad. Ideal para el hogar o negocio.;33984.0;690;17;H588;55;NULL
640;Genérico Premium 108;Genérico de alta calidad. Ideal para el hogar o negocio.;92679.0;408;13;D823;NULL;6
641;Mazapán Fresco 947;Mazapán de alta calidad. Ideal para el hogar o negocio.;68265.0;719;1;Z109;42;NULL
642;Genérico Deluxe 694;Genérico de alta calidad. Ideal para el hogar o negocio.;58881.0;447;7;C314;NULL;8
643;Malta Express 468;Malta de alta calidad. Ideal para el hogar o negocio.;17309.0;689;3;R942;355;NULL
644;Malvavisco Selecto 591;Malvavisco de alta calidad. Ideal para el hogar o negocio.;5522.0;187;1;C300;NULL;7
645;Genérico Plus 548;Genérico de alta calidad. Ideal para el hogar o negocio.;77689.0;762;7;I461;84;NULL
646;Jabón Plus 882;Jabón de alta calidad. Ideal para el hogar o negocio.;85178.0;244;5;R742;304;NULL
647;Gomitas Max 543;Gomitas de alta calidad. Ideal para el hogar o negocio.;42169.0;220;1;H925;346;NULL
648;Genérico Selecto 460;Genérico de alta calidad. Ideal para el hogar o negocio.;96337.0;612;17;H098;266;NULL
649;Genérico Fresco 593;Genérico de alta calidad. Ideal para el hogar o negocio.;3481.0;999;11;D445;329;NULL
650;Agua Selecto 846;Agua de alta calidad. Ideal para el hogar o negocio.;96975.0;770;3;N250;NULL;5
651;Genérico Express 783;Genérico de alta calidad. Ideal para el hogar o negocio.;64848.0;809;15;I617;431;NULL
652;Chifles Ligero 307;Chifles de alta calidad. Ideal para el hogar o negocio.;80328.0;615;2;U133;98;NULL
653;Bebida de frutas Selecto 924;Bebida de frutas de alta calidad. Ideal para el hogar o negocio.;13721.0;79;3;S720;71;NULL
654;Genérico Max 750;Genérico de alta calidad. Ideal para el hogar o negocio.;96134.0;573;18;L274;NULL;8
655;Genérico Premium 719;Genérico de alta calidad. Ideal para el hogar o negocio.;47275.0;468;8;D978;NULL;9
656;Genérico Premium 345;Genérico de alta calidad. Ideal para el hogar o negocio.;48382.0;167;7;Z504;32;NULL
657;Whisky Deluxe 938;Whisky de alta calidad. Ideal para el hogar o negocio.;50311.0;280;4;E057;388;NULL
658;Genérico Premium 2638;Genérico de alta calidad. Ideal para el hogar o negocio.;91143.0;678;7;N948;377;NULL
659;Genérico Eco 428;Genérico de alta calidad. Ideal para el hogar o negocio.;77771.0;399;9;P044;NULL;7
660;Genérico Fresco 196;Genérico de alta calidad. Ideal para el hogar o negocio.;64418.0;911;16;Q144;184;NULL
661;Genérico Express 137;Genérico de alta calidad. Ideal para el hogar o negocio.;60176.0;264;9;U835;12;NULL
662;Yucas Plus 212;Yucas de alta calidad. Ideal para el hogar o negocio.;70772.0;703;2;V754;NULL;10
663;Genérico Ligero 505;Genérico de alta calidad. Ideal para el hogar o negocio.;48611.0;374;16;H902;434;NULL
664;Genérico Deluxe 898;Genérico de alta calidad. Ideal para el hogar o negocio.;7307.0;882;15;U188;NULL;8
665;Genérico Fresco 882;Genérico de alta calidad. Ideal para el hogar o negocio.;28482.0;441;7;R475;75;NULL
666;Genérico Ligero 265;Genérico de alta calidad. Ideal para el hogar o negocio.;77237.0;987;7;P727;403;NULL
667;Bebida energética Deluxe 770;Bebida energética de alta calidad. Ideal para el hogar o negocio.;11706.0;483;3;T332;NULL;7
668;Genérico Ligero 558;Genérico de alta calidad. Ideal para el hogar o negocio.;76169.0;244;16;V310;NULL;5
669;Desinfectante Plus 948;Desinfectante de alta calidad. Ideal para el hogar o negocio.;21996.0;447;5;R397;NULL;10
670;Genérico Deluxe 136;Genérico de alta calidad. Ideal para el hogar o negocio.;20700.0;934;18;I046;NULL;2
671;Genérico Clásico 157;Genérico de alta calidad. Ideal para el hogar o negocio.;9360.0;838;13;H080;159;NULL
672;Tostacos Express 855;Tostacos de alta calidad. Ideal para el hogar o negocio.;17850.0;641;2;M930;75;NULL
673;Genérico Plus 426;Genérico de alta calidad. Ideal para el hogar o negocio.;78785.0;987;13;J745;NULL;8
674;Genérico Eco 605;Genérico de alta calidad. Ideal para el hogar o negocio.;92770.0;54;12;G152;NULL;3
675;Genérico Plus 942;Genérico de alta calidad. Ideal para el hogar o negocio.;63072.0;658;8;U460;NULL;3
676;Genérico Deluxe 865;Genérico de alta calidad. Ideal para el hogar o negocio.;91083.0;224;18;T259;388;NULL
677;Chicle Fresco 463;Chicle de alta calidad. Ideal para el hogar o negocio.;42249.0;493;1;D978;437;NULL
678;Genérico Ligero 427;Genérico de alta calidad. Ideal para el hogar o negocio.;65292.0;383;7;D823;NULL;9
679;Genérico Fresco 887;Genérico de alta calidad. Ideal para el hogar o negocio.;55430.0;187;8;I115;79;NULL
680;Genérico Plus 930;Genérico de alta calidad. Ideal para el hogar o negocio.;31792.0;430;13;T967;NULL;3
681;Genérico Selecto 792;Genérico de alta calidad. Ideal para el hogar o negocio.;42869.0;172;17;C339;NULL;5
682;Jabón Premium 212;Jabón de alta calidad. Ideal para el hogar o negocio.;93372.0;465;5;U708;NULL;4
683;Genérico Ligero 15;Genérico de alta calidad. Ideal para el hogar o negocio.;76235.0;202;16;M475;NULL;2
684;Jugo Eco 57;Jugo de alta calidad. Ideal para el hogar o negocio.;36167.0;536;3;E826;NULL;10
685;Genérico Plus 613;Genérico de alta calidad. Ideal para el hogar o negocio.;88252.0;151;9;C494;55;NULL
686;Genérico Max 166;Genérico de alta calidad. Ideal para el hogar o negocio.;73581.0;45;11;L332;NULL;9
687;Desodorizante Plus 123;Desodorizante de alta calidad. Ideal para el hogar o negocio.;60745.0;668;5;Q871;298;NULL
688;Mazapán Premium 361;Mazapán de alta calidad. Ideal para el hogar o negocio.;90812.0;918;1;O230;362;NULL
689;Genérico Max 5778;Genérico de alta calidad. Ideal para el hogar o negocio.;44873.0;340;17;I067;339;NULL
690;Limpiador Clásico 753;Limpiador de alta calidad. Ideal para el hogar o negocio.;11939.0;147;5;F799;NULL;8
691;Genérico Eco 188;Genérico de alta calidad. Ideal para el hogar o negocio.;74500.0;798;12;G628;79;NULL
692;Genérico Deluxe 19;Genérico de alta calidad. Ideal para el hogar o negocio.;62318.0;796;9;I461;NULL;10
693;Mazapán Express 963;Mazapán de alta calidad. Ideal para el hogar o negocio.;33440.0;907;1;X314;NULL;5
694;Chifles Deluxe 49;Chifles de alta calidad. Ideal para el hogar o negocio.;90114.0;655;2;I105;NULL;4
695;Aguardiente Express 875;Aguardiente de alta calidad. Ideal para el hogar o negocio.;16149.0;494;4;D846;49;NULL
696;Genérico Selecto 66;Genérico de alta calidad. Ideal para el hogar o negocio.;93289.0;267;9;Y426;NULL;9
697;Genérico Express 895;Genérico de alta calidad. Ideal para el hogar o negocio.;5199.0;52;7;F249;31;NULL
698;Jugo Fresco 208;Jugo de alta calidad. Ideal para el hogar o negocio.;61841.0;847;3;N646;NULL;5
699;Genérico Deluxe 170;Genérico de alta calidad. Ideal para el hogar o negocio.;44048.0;9;8;M290;NULL;10
700;Genérico Deluxe 33;Genérico de alta calidad. Ideal para el hogar o negocio.;16519.0;903;18;H707;95;NULL
701;Genérico Deluxe 200;Genérico de alta calidad. Ideal para el hogar o negocio.;75765.0;960;12;L326;NULL;3
702;Bebida energética Clásico 533;Bebida energética de alta calidad. Ideal para el hogar o negocio.;48842.0;700;3;R397;NULL;3
703;Genérico Ligero 644;Genérico de alta calidad. Ideal para el hogar o negocio.;38270.0;222;15;B841;240;NULL
704;Genérico Clásico 327;Genérico de alta calidad. Ideal para el hogar o negocio.;42983.0;458;13;L278;217;NULL
705;Pastillas Ligero 771;Pastillas de alta calidad. Ideal para el hogar o negocio.;55517.0;919;1;B841;281;NULL
706;Genérico Plus 373;Genérico de alta calidad. Ideal para el hogar o negocio.;98418.0;51;13;U103;338;NULL
707;Genérico Plus 629;Genérico de alta calidad. Ideal para el hogar o negocio.;13331.0;57;9;P790;NULL;8
708;Genérico Selecto 347;Genérico de alta calidad. Ideal para el hogar o negocio.;41267.0;909;7;M116;184;NULL
709;Genérico Max 446;Genérico de alta calidad. Ideal para el hogar o negocio.;93017.0;934;12;U460;NULL;2
710;Whisky Deluxe 204;Whisky de alta calidad. Ideal para el hogar o negocio.;19283.0;870;4;F845;NULL;9
711;Brandy Clásico 370;Brandy de alta calidad. Ideal para el hogar o negocio.;64202.0;633;4;M680;NULL;6
712;Bocadillo Premium 21;Bocadillo de alta calidad. Ideal para el hogar o negocio.;1674.0;847;1;F952;NULL;7
713;Limpiador Express 850;Limpiador de alta calidad. Ideal para el hogar o negocio.;19733.0;265;5;E038;NULL;8
714;Mazapán Premium 731;Mazapán de alta calidad. Ideal para el hogar o negocio.;38798.0;817;1;L100;352;NULL
715;Genérico Premium 946;Genérico de alta calidad. Ideal para el hogar o negocio.;17431.0;340;15;S789;63;NULL
716;Energizante Clásico 541;Energizante de alta calidad. Ideal para el hogar o negocio.;72482.0;132;3;V256;348;NULL
717;Turrón Express 279;Turrón de alta calidad. Ideal para el hogar o negocio.;85976.0;759;1;D788;NULL;2
718;Genérico Eco 745;Genérico de alta calidad. Ideal para el hogar o negocio.;35223.0;292;12;M557;NULL;3
719;Desodorizante Deluxe 325;Desodorizante de alta calidad. Ideal para el hogar o negocio.;39088.0;952;5;M662;69;NULL
720;Genérico Fresco 781;Genérico de alta calidad. Ideal para el hogar o negocio.;48049.0;217;15;B265;NULL;9
721;Suavizante Selecto 678;Suavizante de alta calidad. Ideal para el hogar o negocio.;62736.0;830;5;Q993;389;NULL
722;Genérico Plus 46;Genérico de alta calidad. Ideal para el hogar o negocio.;27836.0;374;8;G548;NULL;5
723;Genérico Premium 731;Genérico de alta calidad. Ideal para el hogar o negocio.;2498.0;101;16;E933;62;NULL
724;Genérico Clásico 905;Genérico de alta calidad. Ideal para el hogar o negocio.;54883.0;372;6;Y426;166;NULL
725;Desinfectante Eco 561;Desinfectante de alta calidad. Ideal para el hogar o negocio.;56988.0;168;5;A209;176;NULL
726;Genérico Deluxe 424;Genérico de alta calidad. Ideal para el hogar o negocio.;55379.0;57;12;F246;NULL;4
727;Genérico Premium 400;Genérico de alta calidad. Ideal para el hogar o negocio.;87966.0;7;18;L458;376;NULL
728;Bebida de frutas Premium 589;Bebida de frutas de alta calidad. Ideal para el hogar o negocio.;71910.0;595;3;G694;NULL;7
729;Jabón Premium 582;Jabón de alta calidad. Ideal para el hogar o negocio.;55533.0;203;5;T721;NULL;10
730;Genérico Deluxe 554;Genérico de alta calidad. Ideal para el hogar o negocio.;71573.0;91;8;X043;390;NULL
731;Genérico Plus 7;Genérico de alta calidad. Ideal para el hogar o negocio.;10977.0;524;15;J411;NULL;2
732;Genérico Clásico 150;Genérico de alta calidad. Ideal para el hogar o negocio.;14159.0;171;6;Z688;481;NULL
733;Genérico Express 741;Genérico de alta calidad. Ideal para el hogar o negocio.;66554.0;515;8;C052;NULL;2
734;Genérico Ligero 228;Genérico de alta calidad. Ideal para el hogar o negocio.;72882.0;519;18;O850;NULL;8
735;Genérico Eco 360;Genérico de alta calidad. Ideal para el hogar o negocio.;2786.0;765;18;F022;NULL;4
736;Genérico Max 823;Genérico de alta calidad. Ideal para el hogar o negocio.;36667.0;796;13;I421;357;NULL
737;Genérico Clásico 786;Genérico de alta calidad. Ideal para el hogar o negocio.;71984.0;883;11;B716;NULL;6
738;Genérico Clásico 112;Genérico de alta calidad. Ideal para el hogar o negocio.;9376.0;644;15;R384;295;NULL
739;Turrón Max 390;Turrón de alta calidad. Ideal para el hogar o negocio.;29747.0;344;1;R878;201;NULL
740;Genérico Plus 308;Genérico de alta calidad. Ideal para el hogar o negocio.;93466.0;895;8;R237;409;NULL
741;Genérico Selecto 336;Genérico de alta calidad. Ideal para el hogar o negocio.;91972.0;622;15;H925;NULL;6
742;Nachos Max 286;Nachos de alta calidad. Ideal para el hogar o negocio.;9331.0;520;2;B835;464;NULL
743;Genérico Fresco 95;Genérico de alta calidad. Ideal para el hogar o negocio.;32985.0;307;8;K976;NULL;6
744;Agua Max 590;Agua de alta calidad. Ideal para el hogar o negocio.;99325.0;909;3;S541;NULL;4
745;Genérico Eco 746;Genérico de alta calidad. Ideal para el hogar o negocio.;23848.0;634;17;Y195;300;NULL
746;Genérico Ligero 255;Genérico de alta calidad. Ideal para el hogar o negocio.;52311.0;73;12;G256;NULL;4
747;Suavizante Eco 531;Suavizante de alta calidad. Ideal para el hogar o negocio.;56300.0;984;5;A467;301;NULL
748;Vino Max 713;Vino de alta calidad. Ideal para el hogar o negocio.;27348.0;854;4;Z666;102;NULL
749;Genérico Fresco 764;Genérico de alta calidad. Ideal para el hogar o negocio.;67940.0;31;6;G627;422;NULL
750;Genérico Plus 725;Genérico de alta calidad. Ideal para el hogar o negocio.;70978.0;808;7;G265;291;NULL
751;Genérico Ligero 65;Genérico de alta calidad. Ideal para el hogar o negocio.;32021.0;518;12;M662;NULL;4
752;Genérico Express 776;Genérico de alta calidad. Ideal para el hogar o negocio.;79932.0;444;6;W510;396;NULL
753;Genérico Deluxe 368;Genérico de alta calidad. Ideal para el hogar o negocio.;22811.0;928;6;I735;192;NULL
754;Refresco Clásico 557;Refresco de alta calidad. Ideal para el hogar o negocio.;71249.0;171;3;R942;NULL;1
755;Arepitas Selecto 918;Arepitas de alta calidad. Ideal para el hogar o negocio.;62656.0;293;2;G628;NULL;2
756;Desinfectante Ligero 952;Desinfectante de alta calidad. Ideal para el hogar o negocio.;77556.0;346;5;G628;NULL;5
757;Genérico Fresco 907;Genérico de alta calidad. Ideal para el hogar o negocio.;22286.0;501;16;G152;NULL;2
758;Genérico Clásico 89;Genérico de alta calidad. Ideal para el hogar o negocio.;70571.0;844;11;K358;149;NULL
759;Genérico Selecto 335;Genérico de alta calidad. Ideal para el hogar o negocio.;51626.0;81;17;X080;NULL;9
760;Caramelo Plus 392;Caramelo de alta calidad. Ideal para el hogar o negocio.;88416.0;742;1;B818;NULL;7
761;Genérico Eco 263;Genérico de alta calidad. Ideal para el hogar o negocio.;40067.0;188;12;E051;339;NULL
762;Genérico Ligero 926;Genérico de alta calidad. Ideal para el hogar o negocio.;35664.0;708;8;L302;NULL;1
763;Genérico Max 87;Genérico de alta calidad. Ideal para el hogar o negocio.;78075.0;440;8;A209;401;NULL
764;Gomitas Selecto 200;Gomitas de alta calidad. Ideal para el hogar o negocio.;3083.0;957;1;W229;NULL;3
765;Caramelo Premium 198;Caramelo de alta calidad. Ideal para el hogar o negocio.;91761.0;173;1;H473;125;NULL
766;Pastillas Selecto 726;Pastillas de alta calidad. Ideal para el hogar o negocio.;78519.0;993;1;G724;NULL;1
767;Genérico Eco 443;Genérico de alta calidad. Ideal para el hogar o negocio.;96774.0;507;17;J137;388;NULL
768;Genérico Ligero 561;Genérico de alta calidad. Ideal para el hogar o negocio.;85387.0;67;8;I115;351;NULL
769;Desengrasante Express 823;Desengrasante de alta calidad. Ideal para el hogar o negocio.;11253.0;134;5;E826;NULL;2
770;Papas Premium 3;Papas de alta calidad. Ideal para el hogar o negocio.;32097.0;48;2;R384;105;NULL
771;Malvavisco Express 61;Malvavisco de alta calidad. Ideal para el hogar o negocio.;85484.0;157;1;I806;213;NULL
772;Genérico Ligero 524;Genérico de alta calidad. Ideal para el hogar o negocio.;2803.0;976;13;N948;258;NULL
773;Genérico Clásico 345;Genérico de alta calidad. Ideal para el hogar o negocio.;57325.0;482;17;F506;NULL;6
774;Genérico Selecto 764;Genérico de alta calidad. Ideal para el hogar o negocio.;46567.0;225;12;A077;NULL;4
775;Genérico Ligero 232;Genérico de alta calidad. Ideal para el hogar o negocio.;72750.0;954;15;R942;NULL;9
776;Genérico Eco 245;Genérico de alta calidad. Ideal para el hogar o negocio.;12189.0;574;17;U347;422;NULL
777;Gomitas Premium 599;Gomitas de alta calidad. Ideal para el hogar o negocio.;93804.0;810;1;F716;NULL;4
778;Genérico Express 816;Genérico de alta calidad. Ideal para el hogar o negocio.;5805.0;356;11;Y516;205;NULL
779;Cloro Eco 113;Cloro de alta calidad. Ideal para el hogar o negocio.;1768.0;105;5;N291;NULL;3
780;Genérico Plus 477;Genérico de alta calidad. Ideal para el hogar o negocio.;8184.0;357;15;S957;469;NULL
781;Genérico Selecto 568;Genérico de alta calidad. Ideal para el hogar o negocio.;81433.0;971;17;U949;302;NULL
782;Genérico Eco 686;Genérico de alta calidad. Ideal para el hogar o negocio.;39413.0;747;12;J480;244;NULL
783;Genérico Ligero 758;Genérico de alta calidad. Ideal para el hogar o negocio.;12038.0;203;7;C297;NULL;4
784;Genérico Plus 664;Genérico de alta calidad. Ideal para el hogar o negocio.;69021.0;451;15;Z056;191;NULL
785;Genérico Selecto 674;Genérico de alta calidad. Ideal para el hogar o negocio.;79804.0;121;6;F163;NULL;3
786;Genérico Eco 391;Genérico de alta calidad. Ideal para el hogar o negocio.;80452.0;871;18;I881;15;NULL
787;Genérico Selecto 866;Genérico de alta calidad. Ideal para el hogar o negocio.;14662.0;263;7;G781;112;NULL
788;Genérico Max 276;Genérico de alta calidad. Ideal para el hogar o negocio.;83012.0;995;15;X332;NULL;6
789;Genérico Selecto 75;Genérico de alta calidad. Ideal para el hogar o negocio.;89839.0;131;17;T300;NULL;4
790;Genérico Plus 771;Genérico de alta calidad. Ideal para el hogar o negocio.;32374.0;574;15;D905;113;NULL
791;Suavizante Deluxe 267;Suavizante de alta calidad. Ideal para el hogar o negocio.;79023.0;905;5;G152;3;NULL
792;Genérico Eco 204;Genérico de alta calidad. Ideal para el hogar o negocio.;58052.0;565;18;D037;51;NULL
793;Genérico Fresco 229;Genérico de alta calidad. Ideal para el hogar o negocio.;62038.0;928;7;X080;NULL;10
794;Pastillas Premium 431;Pastillas de alta calidad. Ideal para el hogar o negocio.;53789.0;769;1;G712;NULL;1
795;Genérico Max 676;Genérico de alta calidad. Ideal para el hogar o negocio.;95069.0;522;18;O539;32;NULL
796;Genérico Clásico 297;Genérico de alta calidad. Ideal para el hogar o negocio.;53728.0;127;16;K985;NULL;5
797;Genérico Clásico 353;Genérico de alta calidad. Ideal para el hogar o negocio.;95121.0;769;8;C699;92;NULL
798;Genérico Selecto 388;Genérico de alta calidad. Ideal para el hogar o negocio.;97747.0;301;12;M743;NULL;6
799;Genérico Fresco 495;Genérico de alta calidad. Ideal para el hogar o negocio.;9478.0;116;18;D037;101;NULL
800;Cloro Fresco 9;Cloro de alta calidad. Ideal para el hogar o negocio.;18458.0;890;5;S354;500;NULL
801;Genérico Fresco 21;Genérico de alta calidad. Ideal para el hogar o negocio.;73811.0;28;6;V835;NULL;9
802;Yucas Selecto 89;Yucas de alta calidad. Ideal para el hogar o negocio.;78780.0;466;2;E622;146;NULL
803;Genérico Fresco 618;Genérico de alta calidad. Ideal para el hogar o negocio.;46593.0;299;18;B841;131;NULL
804;Genérico Deluxe 833;Genérico de alta calidad. Ideal para el hogar o negocio.;27032.0;355;7;P392;NULL;7
805;Genérico Ligero 52;Genérico de alta calidad. Ideal para el hogar o negocio.;66151.0;900;7;N083;NULL;9
806;Genérico Max 337;Genérico de alta calidad. Ideal para el hogar o negocio.;30483.0;715;15;L080;NULL;4
807;Mix de maíz Plus 907;Mix de maíz de alta calidad. Ideal para el hogar o negocio.;93339.0;578;2;R384;329;NULL
808;Genérico Selecto 269;Genérico de alta calidad. Ideal para el hogar o negocio.;18594.0;74;17;T967;NULL;5
809;Genérico Clásico 734;Genérico de alta calidad. Ideal para el hogar o negocio.;93393.0;418;11;X032;288;NULL
810;Genérico Selecto 137;Genérico de alta calidad. Ideal para el hogar o negocio.;40848.0;757;12;C494;NULL;6
811;Genérico Express 266;Genérico de alta calidad. Ideal para el hogar o negocio.;47866.0;183;15;I806;NULL;2
812;Genérico Selecto 458;Genérico de alta calidad. Ideal para el hogar o negocio.;39262.0;703;15;P044;331;NULL
813;Genérico Plus 948;Genérico de alta calidad. Ideal para el hogar o negocio.;98581.0;767;18;D094;NULL;8
814;Genérico Premium 838;Genérico de alta calidad. Ideal para el hogar o negocio.;71189.0;939;17;T082;NULL;7
815;Limonada Clásico 992;Limonada de alta calidad. Ideal para el hogar o negocio.;95493.0;538;3;U198;NULL;8
816;Genérico Premium 419;Genérico de alta calidad. Ideal para el hogar o negocio.;23327.0;937;16;F506;NULL;3
817;Genérico Clásico 814;Genérico de alta calidad. Ideal para el hogar o negocio.;38824.0;716;12;U367;450;NULL
818;Genérico Premium 259;Genérico de alta calidad. Ideal para el hogar o negocio.;11933.0;721;7;O047;NULL;1
819;Suavizante Ligero 583;Suavizante de alta calidad. Ideal para el hogar o negocio.;80686.0;960;5;F246;3;NULL
820;Genérico Premium 211;Genérico de alta calidad. Ideal para el hogar o negocio.;95236.0;331;8;C635;414;NULL
821;Arepitas Premium 520;Arepitas de alta calidad. Ideal para el hogar o negocio.;70165.0;694;2;D037;10;NULL
822;Té Fresco 591;Té de alta calidad. Ideal para el hogar o negocio.;37943.0;586;3;E140;93;NULL
823;Genérico Deluxe 588;Genérico de alta calidad. Ideal para el hogar o negocio.;72375.0;823;16;A554;312;NULL
824;Caramelo Express 9;Caramelo de alta calidad. Ideal para el hogar o negocio.;6939.0;369;1;J082;54;NULL
825;Jugo Fresco 742;Jugo de alta calidad. Ideal para el hogar o negocio.;58902.0;574;3;C272;NULL;8
826;Genérico Max 787;Genérico de alta calidad. Ideal para el hogar o negocio.;47182.0;367;12;Y795;NULL;5
827;Genérico Plus 878;Genérico de alta calidad. Ideal para el hogar o negocio.;96137.0;755;17;J411;347;NULL
828;Genérico Express 652;Genérico de alta calidad. Ideal para el hogar o negocio.;87539.0;913;16;G665;NULL;7
829;Genérico Clásico 589;Genérico de alta calidad. Ideal para el hogar o negocio.;38392.0;819;15;E073;110;NULL
830;Genérico Fresco 753;Genérico de alta calidad. Ideal para el hogar o negocio.;88864.0;708;6;F362;352;NULL
831;Genérico Fresco 221;Genérico de alta calidad. Ideal para el hogar o negocio.;83726.0;99;13;O994;482;NULL
832;Genérico Premium 414;Genérico de alta calidad. Ideal para el hogar o negocio.;41951.0;250;17;T461;499;NULL
833;Mix de maíz Max 390;Mix de maíz de alta calidad. Ideal para el hogar o negocio.;16752.0;78;2;P309;64;NULL
834;Genérico Plus 183;Genérico de alta calidad. Ideal para el hogar o negocio.;68647.0;613;17;F845;NULL;7
835;Limonada Deluxe 786;Limonada de alta calidad. Ideal para el hogar o negocio.;11112.0;293;3;O520;NULL;6
836;Genérico Plus 896;Genérico de alta calidad. Ideal para el hogar o negocio.;62987.0;16;6;G712;NULL;2
837;Genérico Deluxe 3647;Genérico de alta calidad. Ideal para el hogar o negocio.;93909.0;576;7;M930;NULL;4
838;Genérico Plus 71;Genérico de alta calidad. Ideal para el hogar o negocio.;56722.0;771;16;P531;242;NULL
839;Genérico Max 92;Genérico de alta calidad. Ideal para el hogar o negocio.;31216.0;29;9;Z912;351;NULL
840;Genérico Clásico 187;Genérico de alta calidad. Ideal para el hogar o negocio.;80706.0;653;7;I115;169;NULL
841;Genérico Fresco 289;Genérico de alta calidad. Ideal para el hogar o negocio.;11875.0;176;11;A618;322;NULL
842;Genérico Selecto 834;Genérico de alta calidad. Ideal para el hogar o negocio.;18236.0;690;7;F031;368;NULL
843;Genérico Ligero 588;Genérico de alta calidad. Ideal para el hogar o negocio.;5189.0;155;17;D173;NULL;2
844;Genérico Ligero 545;Genérico de alta calidad. Ideal para el hogar o negocio.;84297.0;251;17;S207;263;NULL
845;Genérico Clásico 207;Genérico de alta calidad. Ideal para el hogar o negocio.;19743.0;363;18;O876;389;NULL
846;Genérico Express 161;Genérico de alta calidad. Ideal para el hogar o negocio.;26414.0;605;18;V310;NULL;9
847;Genérico Selecto 173;Genérico de alta calidad. Ideal para el hogar o negocio.;21613.0;382;18;T082;285;NULL
848;Malvavisco Max 262;Malvavisco de alta calidad. Ideal para el hogar o negocio.;49003.0;730;1;V477;NULL;5
849;Genérico Premium 572;Genérico de alta calidad. Ideal para el hogar o negocio.;18988.0;898;7;I225;NULL;9
850;Jugo Premium 266;Jugo de alta calidad. Ideal para el hogar o negocio.;9293.0;824;3;T332;NULL;4
851;Genérico Deluxe 927;Genérico de alta calidad. Ideal para el hogar o negocio.;12014.0;949;16;H424;415;NULL
852;Genérico Plus 419;Genérico de alta calidad. Ideal para el hogar o negocio.;30468.0;204;15;C867;120;NULL
853;Genérico Clásico 373;Genérico de alta calidad. Ideal para el hogar o negocio.;31305.0;97;12;Z912;424;NULL
854;Agua Ligero 112;Agua de alta calidad. Ideal para el hogar o negocio.;39211.0;454;3;M905;168;NULL
855;Jabón Eco 539;Jabón de alta calidad. Ideal para el hogar o negocio.;76385.0;638;5;T952;NULL;3
856;Ginebra Express 496;Ginebra de alta calidad. Ideal para el hogar o negocio.;70484.0;67;4;C783;417;NULL
857;Genérico Clásico 238;Genérico de alta calidad. Ideal para el hogar o negocio.;52817.0;770;17;N192;NULL;3
858;Genérico Plus 257;Genérico de alta calidad. Ideal para el hogar o negocio.;40753.0;182;15;W826;40;NULL
859;Genérico Express 705;Genérico de alta calidad. Ideal para el hogar o negocio.;66383.0;519;9;W940;297;NULL
860;Genérico Selecto 893;Genérico de alta calidad. Ideal para el hogar o negocio.;30962.0;816;16;Q595;314;NULL
861;Genérico Express 227;Genérico de alta calidad. Ideal para el hogar o negocio.;87918.0;953;11;T952;NULL;6
862;Genérico Eco 657;Genérico de alta calidad. Ideal para el hogar o negocio.;24629.0;890;11;A722;494;NULL
863;Genérico Plus 338;Genérico de alta calidad. Ideal para el hogar o negocio.;87431.0;680;17;J603;NULL;3
864;Desinfectante Express 668;Desinfectante de alta calidad. Ideal para el hogar o negocio.;42640.0;482;5;C596;212;NULL
865;Genérico Clásico 3;Genérico de alta calidad. Ideal para el hogar o negocio.;12794.0;429;12;U010;NULL;9
866;Genérico Deluxe 764;Genérico de alta calidad. Ideal para el hogar o negocio.;85437.0;140;7;C965;129;NULL
867;Genérico Express 463;Genérico de alta calidad. Ideal para el hogar o negocio.;63108.0;478;18;T967;158;NULL
868;Genérico Deluxe 287;Genérico de alta calidad. Ideal para el hogar o negocio.;95877.0;241;12;B039;NULL;1
869;Chocolate Clásico 372;Chocolate de alta calidad. Ideal para el hogar o negocio.;80357.0;738;1;U460;NULL;2
870;Genérico Fresco 737;Genérico de alta calidad. Ideal para el hogar o negocio.;28499.0;779;17;A780;428;NULL
871;Aguardiente Fresco 522;Aguardiente de alta calidad. Ideal para el hogar o negocio.;5138.0;122;4;E876;NULL;3
872;Pastillas Express 53;Pastillas de alta calidad. Ideal para el hogar o negocio.;50560.0;190;1;E364;51;NULL
873;Genérico Max 261;Genérico de alta calidad. Ideal para el hogar o negocio.;5726.0;954;17;U007;NULL;2
874;Refresco Plus 475;Refresco de alta calidad. Ideal para el hogar o negocio.;33707.0;72;3;H156;NULL;2
875;Choclitos Deluxe 969;Choclitos de alta calidad. Ideal para el hogar o negocio.;21266.0;282;2;B512;61;NULL
876;Genérico Express 78;Genérico de alta calidad. Ideal para el hogar o negocio.;8082.0;261;13;C300;NULL;4
877;Genérico Fresco 879;Genérico de alta calidad. Ideal para el hogar o negocio.;21763.0;901;17;K218;170;NULL
878;Genérico Max 491;Genérico de alta calidad. Ideal para el hogar o negocio.;49843.0;852;17;D229;NULL;1
879;Genérico Eco 620;Genérico de alta calidad. Ideal para el hogar o negocio.;36032.0;23;13;E030;NULL;10
880;Gaseosa Plus 553;Gaseosa de alta calidad. Ideal para el hogar o negocio.;43995.0;54;3;H370;252;NULL
881;Genérico Eco 453;Genérico de alta calidad. Ideal para el hogar o negocio.;70064.0;770;12;C300;421;NULL
882;Genérico Clásico 130;Genérico de alta calidad. Ideal para el hogar o negocio.;82330.0;240;12;A264;373;NULL
883;Genérico Plus 112;Genérico de alta calidad. Ideal para el hogar o negocio.;25204.0;434;16;A046;NULL;10
884;Bebida de frutas Clásico 822;Bebida de frutas de alta calidad. Ideal para el hogar o negocio.;26861.0;435;3;G265;NULL;2
885;Genérico Premium 699;Genérico de alta calidad. Ideal para el hogar o negocio.;63772.0;507;6;D882;17;NULL
886;Genérico Selecto 42;Genérico de alta calidad. Ideal para el hogar o negocio.;52673.0;388;18;B818;NULL;6
887;Genérico Max 6357;Genérico de alta calidad. Ideal para el hogar o negocio.;42000.0;788;7;I461;NULL;5
888;Genérico Express 181;Genérico de alta calidad. Ideal para el hogar o negocio.;5415.0;911;12;P687;90;NULL
889;Jugo Premium 206;Jugo de alta calidad. Ideal para el hogar o negocio.;38505.0;822;3;Y224;NULL;3
890;Genérico Clásico 898;Genérico de alta calidad. Ideal para el hogar o negocio.;47162.0;651;17;P917;NULL;9
891;Genérico Express 242;Genérico de alta calidad. Ideal para el hogar o negocio.;17099.0;516;16;H630;67;NULL
892;Limpiador Eco 824;Limpiador de alta calidad. Ideal para el hogar o negocio.;63361.0;236;5;X193;384;NULL
893;Genérico Eco 281;Genérico de alta calidad. Ideal para el hogar o negocio.;29058.0;531;18;D201;4;NULL
894;Pastillas Fresco 831;Pastillas de alta calidad. Ideal para el hogar o negocio.;11058.0;538;1;X483;NULL;1
895;Genérico Express 303;Genérico de alta calidad. Ideal para el hogar o negocio.;98200.0;373;18;D311;NULL;1
896;Té Clásico 757;Té de alta calidad. Ideal para el hogar o negocio.;87093.0;753;3;F701;62;NULL
897;Genérico Max 999;Genérico de alta calidad. Ideal para el hogar o negocio.;29443.0;982;13;H769;NULL;1
898;Genérico Deluxe 232;Genérico de alta calidad. Ideal para el hogar o negocio.;50307.0;174;17;T596;359;NULL
899;Gaseosa Plus 800;Gaseosa de alta calidad. Ideal para el hogar o negocio.;87777.0;774;3;F022;NULL;2
900;Genérico Express 920;Genérico de alta calidad. Ideal para el hogar o negocio.;21908.0;379;9;I735;208;NULL
901;Genérico Eco 213;Genérico de alta calidad. Ideal para el hogar o negocio.;20098.0;803;17;C899;NULL;9
902;Genérico Ligero 259;Genérico de alta calidad. Ideal para el hogar o negocio.;43385.0;290;11;I242;NULL;5
903;Genérico Eco 689;Genérico de alta calidad. Ideal para el hogar o negocio.;12732.0;670;7;D978;194;NULL
904;Aguardiente Eco 432;Aguardiente de alta calidad. Ideal para el hogar o negocio.;72963.0;268;4;N982;51;NULL
905;Desengrasante Deluxe 876;Desengrasante de alta calidad. Ideal para el hogar o negocio.;80587.0;188;5;Y795;NULL;9
906;Ginebra Deluxe 272;Ginebra de alta calidad. Ideal para el hogar o negocio.;47879.0;297;4;H010;323;NULL
907;Genérico Express 207;Genérico de alta calidad. Ideal para el hogar o negocio.;57107.0;142;9;R735;NULL;10
908;Ginebra Max 46;Ginebra de alta calidad. Ideal para el hogar o negocio.;11796.0;389;4;P105;108;NULL
909;Genérico Plus 154;Genérico de alta calidad. Ideal para el hogar o negocio.;24901.0;403;16;Y031;NULL;6
910;Nachos Max 315;Nachos de alta calidad. Ideal para el hogar o negocio.;82698.0;569;2;E622;NULL;8
911;Genérico Selecto 241;Genérico de alta calidad. Ideal para el hogar o negocio.;39221.0;368;16;D978;241;NULL
912;Genérico Eco 467;Genérico de alta calidad. Ideal para el hogar o negocio.;37094.0;447;8;V834;NULL;10
913;Detergente Eco 991;Detergente de alta calidad. Ideal para el hogar o negocio.;75389.0;335;5;U347;408;NULL
914;Desengrasante Max 452;Desengrasante de alta calidad. Ideal para el hogar o negocio.;39518.0;803;5;I461;NULL;8
915;Multiusos Clásico 632;Multiusos de alta calidad. Ideal para el hogar o negocio.;28026.0;380;5;I105;260;NULL
916;Arepitas Ligero 312;Arepitas de alta calidad. Ideal para el hogar o negocio.;97258.0;577;2;Z344;444;NULL
917;Genérico Ligero 475;Genérico de alta calidad. Ideal para el hogar o negocio.;77741.0;952;15;E613;359;NULL
918;Genérico Eco 232;Genérico de alta calidad. Ideal para el hogar o negocio.;49530.0;467;8;O201;NULL;3
919;Genérico Ligero 879;Genérico de alta calidad. Ideal para el hogar o negocio.;35807.0;636;18;S634;140;NULL
920;Genérico Plus 718;Genérico de alta calidad. Ideal para el hogar o negocio.;35147.0;309;17;I461;263;NULL
921;Genérico Premium 570;Genérico de alta calidad. Ideal para el hogar o negocio.;72864.0;63;11;J313;NULL;1
922;Malta Plus 698;Malta de alta calidad. Ideal para el hogar o negocio.;13080.0;129;3;C918;NULL;3
923;Genérico Selecto 526;Genérico de alta calidad. Ideal para el hogar o negocio.;46058.0;487;15;O239;166;NULL
924;Genérico Deluxe 288;Genérico de alta calidad. Ideal para el hogar o negocio.;44960.0;101;9;F333;NULL;6
925;Genérico Fresco 270;Genérico de alta calidad. Ideal para el hogar o negocio.;56311.0;786;15;J960;121;NULL
926;Genérico Premium 830;Genérico de alta calidad. Ideal para el hogar o negocio.;91185.0;312;16;X573;NULL;10
927;Genérico Ligero 965;Genérico de alta calidad. Ideal para el hogar o negocio.;30064.0;426;11;M475;NULL;9
928;Genérico Premium 421;Genérico de alta calidad. Ideal para el hogar o negocio.;76685.0;200;6;Z050;NULL;5
929;Genérico Premium 737;Genérico de alta calidad. Ideal para el hogar o negocio.;28220.0;347;15;L302;423;NULL
930;Genérico Deluxe 411;Genérico de alta calidad. Ideal para el hogar o negocio.;4067.0;946;15;B841;NULL;2
931;Genérico Clásico 840;Genérico de alta calidad. Ideal para el hogar o negocio.;27562.0;544;6;I115;NULL;2
932;Genérico Plus 803;Genérico de alta calidad. Ideal para el hogar o negocio.;80711.0;284;18;X270;NULL;1
933;Jugo Express 293;Jugo de alta calidad. Ideal para el hogar o negocio.;70592.0;826;3;H204;261;NULL
934;Genérico Max 846;Genérico de alta calidad. Ideal para el hogar o negocio.;29692.0;644;18;H080;NULL;7
935;Genérico Plus 730;Genérico de alta calidad. Ideal para el hogar o negocio.;50964.0;114;11;O201;NULL;10
936;Malvavisco Clásico 303;Malvavisco de alta calidad. Ideal para el hogar o negocio.;25627.0;871;1;C867;NULL;9
937;Genérico Max 574;Genérico de alta calidad. Ideal para el hogar o negocio.;84271.0;300;16;E258;184;NULL
938;Agua Ligero 171;Agua de alta calidad. Ideal para el hogar o negocio.;6906.0;703;3;P392;303;NULL
939;Cerveza Premium 286;Cerveza de alta calidad. Ideal para el hogar o negocio.;4460.0;39;4;H080;482;NULL
940;Genérico Premium 448;Genérico de alta calidad. Ideal para el hogar o negocio.;30993.0;986;9;P044;164;NULL
941;Genérico Max 546;Genérico de alta calidad. Ideal para el hogar o negocio.;85124.0;353;18;L326;NULL;2
942;Tequila Premium 383;Tequila de alta calidad. Ideal para el hogar o negocio.;13978.0;509;4;Z018;NULL;9
943;Genérico Express 746;Genérico de alta calidad. Ideal para el hogar o negocio.;44326.0;98;11;F249;136;NULL
944;Genérico Eco 788;Genérico de alta calidad. Ideal para el hogar o negocio.;64821.0;80;12;T259;395;NULL
945;Toffee Ligero 670;Toffee de alta calidad. Ideal para el hogar o negocio.;15155.0;76;1;D578;NULL;8
946;Genérico Deluxe 970;Genérico de alta calidad. Ideal para el hogar o negocio.;17656.0;742;8;K916;NULL;2
947;Genérico Ligero 878;Genérico de alta calidad. Ideal para el hogar o negocio.;68191.0;24;8;R960;228;NULL
948;Yucas Max 772;Yucas de alta calidad. Ideal para el hogar o negocio.;70025.0;560;2;D578;NULL;1
949;Genérico Ligero 6871;Genérico de alta calidad. Ideal para el hogar o negocio.;68769.0;838;11;O692;477;NULL
950;Genérico Eco 1;Genérico de alta calidad. Ideal para el hogar o negocio.;58810.0;236;11;T082;436;NULL
951;Genérico Eco 415;Genérico de alta calidad. Ideal para el hogar o negocio.;13570.0;289;13;M950;NULL;1
952;Genérico Premium 327;Genérico de alta calidad. Ideal para el hogar o negocio.;26101.0;933;17;S237;NULL;9
953;Genérico Deluxe 852;Genérico de alta calidad. Ideal para el hogar o negocio.;3333.0;892;7;O561;27;NULL
954;Genérico Max 917;Genérico de alta calidad. Ideal para el hogar o negocio.;17074.0;619;6;R275;19;NULL
955;Genérico Premium 960;Genérico de alta calidad. Ideal para el hogar o negocio.;60483.0;286;17;U126;NULL;6
956;Genérico Selecto 263;Genérico de alta calidad. Ideal para el hogar o negocio.;53744.0;585;9;I371;356;NULL
957;Genérico Eco 157;Genérico de alta calidad. Ideal para el hogar o negocio.;2734.0;368;16;N083;NULL;7
958;Genérico Fresco 608;Genérico de alta calidad. Ideal para el hogar o negocio.;32182.0;542;6;X193;337;NULL
959;Genérico Clásico 6650;Genérico de alta calidad. Ideal para el hogar o negocio.;79058.0;517;6;F269;NULL;7
960;Gaseosa Plus 816;Gaseosa de alta calidad. Ideal para el hogar o negocio.;28685.0;457;3;O607;118;NULL
961;Ginebra Selecto 422;Ginebra de alta calidad. Ideal para el hogar o negocio.;47562.0;17;4;J603;464;NULL
962;Platanitos Express 128;Platanitos de alta calidad. Ideal para el hogar o negocio.;20624.0;41;2;N982;432;NULL
963;Genérico Max 765;Genérico de alta calidad. Ideal para el hogar o negocio.;46528.0;248;11;C819;NULL;1
964;Genérico Fresco 581;Genérico de alta calidad. Ideal para el hogar o negocio.;60169.0;62;18;Y195;442;NULL
965;Multiusos Express 214;Multiusos de alta calidad. Ideal para el hogar o negocio.;57230.0;435;5;R143;NULL;3
966;Brandy Selecto 177;Brandy de alta calidad. Ideal para el hogar o negocio.;37001.0;268;4;O561;NULL;9
967;Genérico Premium 298;Genérico de alta calidad. Ideal para el hogar o negocio.;91092.0;28;8;S541;77;NULL
968;Energizante Eco 704;Energizante de alta calidad. Ideal para el hogar o negocio.;93569.0;455;3;P727;190;NULL
969;Genérico Deluxe 164;Genérico de alta calidad. Ideal para el hogar o negocio.;96890.0;551;9;M680;229;NULL
970;Tostacos Plus 602;Tostacos de alta calidad. Ideal para el hogar o negocio.;63608.0;122;2;E140;NULL;1
971;Genérico Eco 319;Genérico de alta calidad. Ideal para el hogar o negocio.;98894.0;137;18;O383;NULL;1
972;Multiusos Selecto 486;Multiusos de alta calidad. Ideal para el hogar o negocio.;88460.0;256;5;A722;NULL;2
973;Jabón Ligero 432;Jabón de alta calidad. Ideal para el hogar o negocio.;99794.0;196;5;A065;93;NULL
974;Arepitas Clásico 938;Arepitas de alta calidad. Ideal para el hogar o negocio.;66448.0;432;2;F022;NULL;9
975;Bebida de frutas Plus 823;Bebida de frutas de alta calidad. Ideal para el hogar o negocio.;61158.0;991;3;O850;455;NULL
976;Genérico Premium 679;Genérico de alta calidad. Ideal para el hogar o negocio.;52656.0;91;13;L757;NULL;9
977;Pastillas Fresco 958;Pastillas de alta calidad. Ideal para el hogar o negocio.;50361.0;683;1;D037;431;NULL
978;Genérico Selecto 177;Genérico de alta calidad. Ideal para el hogar o negocio.;37464.0;92;12;N192;NULL;2
979;Gaseosa Ligero 157;Gaseosa de alta calidad. Ideal para el hogar o negocio.;4649.0;202;3;V834;95;NULL
980;Genérico Clásico 72;Genérico de alta calidad. Ideal para el hogar o negocio.;95313.0;572;18;B211;181;NULL
981;Genérico Plus 525;Genérico de alta calidad. Ideal para el hogar o negocio.;32239.0;725;16;X573;436;NULL
982;Genérico Deluxe 748;Genérico de alta calidad. Ideal para el hogar o negocio.;33939.0;793;17;B747;NULL;3
983;Genérico Max 845;Genérico de alta calidad. Ideal para el hogar o negocio.;80257.0;355;18;O114;80;NULL
984;Genérico Premium 639;Genérico de alta calidad. Ideal para el hogar o negocio.;76582.0;909;9;N010;320;NULL
985;Genérico Plus 151;Genérico de alta calidad. Ideal para el hogar o negocio.;16248.0;344;6;C867;NULL;1
986;Desengrasante Premium 689;Desengrasante de alta calidad. Ideal para el hogar o negocio.;64094.0;573;5;T397;371;NULL
987;Genérico Max 562;Genérico de alta calidad. Ideal para el hogar o negocio.;86462.0;468;7;S720;192;NULL
988;Té Plus 203;Té de alta calidad. Ideal para el hogar o negocio.;99338.0;210;3;R942;249;NULL
989;Vino Selecto 158;Vino de alta calidad. Ideal para el hogar o negocio.;13132.0;808;4;E909;NULL;5
990;Genérico Selecto 991;Genérico de alta calidad. Ideal para el hogar o negocio.;37038.0;364;15;H707;460;NULL
991;Desinfectante Express 986;Desinfectante de alta calidad. Ideal para el hogar o negocio.;12040.0;244;5;J454;496;NULL
992;Genérico Eco 384;Genérico de alta calidad. Ideal para el hogar o negocio.;14454.0;694;12;A618;237;NULL
993;Genérico Express 867;Genérico de alta calidad. Ideal para el hogar o negocio.;7484.0;455;9;B309;415;NULL
994;Genérico Ligero 22;Genérico de alta calidad. Ideal para el hogar o negocio.;64588.0;582;15;B307;485;NULL
995;Genérico Deluxe 88;Genérico de alta calidad. Ideal para el hogar o negocio.;76710.0;96;12;X412;281;NULL
996;Vodka Plus 788;Vodka de alta calidad. Ideal para el hogar o negocio.;91727.0;368;4;P139;NULL;7
997;Pastillas Clásico 219;Pastillas de alta calidad. Ideal para el hogar o negocio.;61603.0;160;1;J454;431;NULL
998;Cloro Premium 560;Cloro de alta calidad. Ideal para el hogar o negocio.;18582.0;321;5;A063;NULL;3
999;Aguardiente Selecto 540;Aguardiente de alta calidad. Ideal para el hogar o negocio.;63303.0;700;4;A247;NULL;8
1000;Genérico Express 357;Genérico de alta calidad. Ideal para el hogar o negocio.;70095.0;240;11;Q986;267;NULL
